,target,eventid,car_number,stageid,firststage,pit_in_caution,start_position,start_rank,start_rank_ratio,top_pack,bottom_pack,average_rank,average_rank_all,change_in_rank,change_in_rank_all,rate_of_change,rate_of_change_all
0,0,0,1,0,0,0,7,7,0.30434782608695654,0,0,7.0,7.0,0,0.0,0,0.0
1,-5,0,1,1,1,1,7,7,0.30434782608695654,0,0,7.0256410256410255,7.0256410256410255,0,0.0,0,0.0
2,3,0,1,2,1,0,7,2,0.08695652173913043,1,0,2.3289473684210527,3.9217391304347826,-5,-2.5,0,0.0
3,-4,0,1,3,1,0,7,5,0.21739130434782608,1,0,5.7368421052631575,4.523255813953488,3,-0.6666666666666666,8,1.5
4,0,0,1,4,1,1,7,1,0.043478260869565216,1,0,3.0714285714285716,4.166666666666667,-4,-1.5,-7,-1.3333333333333333
5,-1,0,4,0,0,0,16,16,0.6956521739130435,0,0,16.0,16.0,0,0.0,0,0.0
6,-3,0,4,1,1,1,16,15,0.6521739130434783,0,0,15.025641025641026,15.025641025641026,-1,-1.0,0,0.0
7,3,0,4,2,1,1,16,12,0.5217391304347826,0,0,14.5,14.976744186046512,-3,-2.0,0,0.0
8,7,0,4,3,1,0,16,15,0.6521739130434783,0,0,16.887323943661972,16.166666666666668,3,-0.3333333333333333,6,2.0
9,-1,0,4,4,1,0,16,22,0.9565217391304348,0,1,10.6,15.932773109243698,7,1.5,4,2.6666666666666665
10,-1,0,4,5,1,0,16,21,0.9130434782608695,0,1,21.660377358490567,17.697674418604652,-1,1.0,-8,0.0
11,-1,0,4,6,1,1,16,20,0.8695652173913043,0,1,20.041666666666668,18.20909090909091,-1,0.6666666666666666,0,0.0
12,3,0,5,0,0,0,5,5,0.21739130434782608,1,0,5.0,5.0,0,0.0,0,0.0
13,-3,0,5,1,1,1,5,8,0.34782608695652173,0,0,7.897435897435898,7.897435897435898,3,3.0,0,0.0
14,-3,0,5,2,1,0,5,5,0.21739130434782608,1,0,5.112676056338028,6.1,-3,0.0,0,0.0
15,4,0,5,3,1,0,5,2,0.08695652173913043,1,0,3.0476190476190474,4.988439306358382,-3,-1.0,0,-3.0
16,-1,0,6,0,0,0,6,6,0.2608695652173913,0,0,6.0,6.0,0,0.0,0,0.0
17,-2,0,6,1,1,1,6,5,0.21739130434782608,1,0,5.0256410256410255,5.0256410256410255,-1,-1.0,0,0.0
18,-2,0,6,2,1,0,6,3,0.13043478260869565,1,0,3.138888888888889,3.8018018018018016,-2,-1.5,0,0.0
19,1,0,6,3,1,0,6,1,0.043478260869565216,1,0,2.8253968253968256,3.4482758620689653,-2,-1.6666666666666667,0,-0.5
20,1,0,9,0,0,0,17,17,0.7391304347826086,0,0,17.0,17.0,0,0.0,0,0.0
21,-8,0,9,1,1,1,17,18,0.782608695652174,0,1,17.974358974358974,17.974358974358974,1,1.0,0,0.0
22,-3,0,9,2,1,0,17,10,0.43478260869565216,0,0,11.301369863013699,13.625,-8,-3.5,0,0.0
23,-2,0,9,3,1,0,17,7,0.30434782608695654,0,0,8.62295081967213,11.861271676300579,-3,-3.3333333333333335,5,-2.0
24,-1,0,9,4,1,1,17,5,0.21739130434782608,1,0,6.5636363636363635,10.583333333333334,-2,-3.0,1,-1.0
25,-1,0,10,0,0,0,11,11,0.4782608695652174,0,0,11.0,11.0,0,0.0,0,0.0
26,-5,0,10,1,1,1,11,10,0.43478260869565216,0,0,10.051282051282051,10.051282051282051,-1,-1.0,0,0.0
27,-1,0,10,2,1,0,11,5,0.21739130434782608,1,0,6.162162162162162,7.504424778761062,-5,-3.0,0,0.0
28,15,0,10,3,1,0,11,4,0.17391304347826086,1,0,4.758620689655173,6.573099415204679,-1,-2.3333333333333335,4,0.0
29,1,0,12,0,0,0,3,3,0.13043478260869565,1,0,3.0,3.0,0,0.0,0,0.0
30,-3,0,12,1,1,1,3,4,0.17391304347826086,1,0,3.948717948717949,3.948717948717949,1,1.0,0,0.0
31,4,0,12,2,1,0,3,1,0.043478260869565216,1,0,1.1851851851851851,2.0833333333333335,-3,-1.0,0,0.0
32,0,0,12,3,1,0,3,5,0.21739130434782608,1,0,4.586206896551724,2.5704697986577183,4,0.6666666666666666,7,1.5
33,17,0,12,4,1,0,3,5,0.21739130434782608,1,0,5.0,2.5866666666666664,0,0.5,-4,-0.3333333333333333
34,0,0,14,0,0,0,9,9,0.391304347826087,0,0,9.0,9.0,0,0.0,0,0.0
35,-5,0,14,1,1,1,9,9,0.391304347826087,0,0,9.0,9.0,0,0.0,0,0.0
36,4,0,14,2,1,0,9,4,0.17391304347826086,1,0,7.078947368421052,7.730434782608696,-5,-2.5,0,0.0
37,0,0,14,3,1,0,9,8,0.34782608695652173,0,0,8.741379310344827,8.06936416184971,4,-0.3333333333333333,9,2.0
38,0,0,14,4,1,1,9,8,0.34782608695652173,0,0,8.763636363636364,8.236842105263158,0,-0.25,-4,0.0
39,1,0,15,0,0,0,12,12,0.5217391304347826,0,0,12.0,12.0,0,0.0,0,0.0
40,-12,0,15,1,1,1,12,13,0.5652173913043478,0,0,12.974358974358974,12.974358974358974,1,1.0,0,0.0
41,1,0,15,2,1,0,12,1,0.043478260869565216,1,0,7.764705882352941,9.403225806451612,-12,-5.5,0,0.0
42,9,0,15,3,1,0,12,2,0.08695652173913043,1,0,8.466666666666667,9.097826086956522,1,-3.3333333333333335,13,0.0
43,-2,0,15,4,1,1,12,11,0.4782608695652174,0,0,10.227272727272727,9.31578947368421,9,-0.25,8,2.6666666666666665
44,0,0,18,0,0,0,1,1,0.043478260869565216,1,0,1.0,1.0,0,0.0,0,0.0
45,12,0,18,1,1,1,1,1,0.043478260869565216,1,0,1.0,1.0,0,0.0,0,0.0
46,-4,0,18,2,1,0,1,13,0.5652173913043478,0,0,6.333333333333333,2.0,12,6.0,0,0.0
47,-8,0,18,3,1,0,1,9,0.391304347826087,0,0,20.233766233766232,13.232,-4,2.6666666666666665,-16,-2.0
48,11,0,18,4,1,0,1,1,0.043478260869565216,1,0,12.558441558441558,12.975247524752476,-8,0.0,-4,-2.6666666666666665
49,1,0,18,5,1,1,1,12,0.5217391304347826,0,0,12.212121212121213,12.86808510638298,11,2.2,19,2.75
50,3,0,19,0,0,0,10,10,0.43478260869565216,0,0,10.0,10.0,0,0.0,0,0.0
51,-2,0,20,0,0,0,18,18,0.782608695652174,0,1,18.0,18.0,0,0.0,0,0.0
52,-6,0,20,1,1,1,18,16,0.6956521739130435,0,0,16.102564102564102,16.102564102564102,-2,-2.0,0,0.0
53,-6,0,20,2,1,0,18,10,0.43478260869565216,0,0,10.450704225352112,12.454545454545455,-6,-4.0,0,0.0
54,5,0,20,3,1,0,18,4,0.17391304347826086,1,0,8.075757575757576,10.8125,-6,-4.666666666666667,0,-2.0
55,-2,0,20,4,1,1,18,9,0.391304347826087,0,0,8.903846153846153,10.37719298245614,5,-2.25,11,2.3333333333333335
56,6,0,21,0,0,0,15,15,0.6521739130434783,0,0,15.0,15.0,0,0.0,0,0.0
57,-4,0,21,1,1,1,15,21,0.9130434782608695,0,1,20.512820512820515,20.512820512820515,6,6.0,0,0.0
58,0,0,21,2,1,0,15,17,0.7391304347826086,0,0,18.16216216216216,18.97345132743363,-4,1.0,0,0.0
59,-1,0,21,3,1,0,15,17,0.7391304347826086,0,0,16.483870967741936,18.091428571428573,0,0.6666666666666666,4,-3.0
60,0,0,21,4,1,1,15,16,0.6956521739130435,0,0,16.894736842105264,17.79741379310345,-1,0.25,-1,-2.3333333333333335
61,-2,0,21,5,1,1,15,16,0.6956521739130435,0,0,16.0,17.77446808510638,0,0.2,1,-1.5
62,0,0,22,0,0,0,2,2,0.08695652173913043,1,0,2.0,2.0,0,0.0,0,0.0
63,2,0,22,1,1,1,2,2,0.08695652173913043,1,0,2.0,2.0,0,0.0,0,0.0
64,-2,0,22,2,1,0,2,4,0.17391304347826086,1,0,11.05,8.084033613445378,2,1.0,0,0.0
65,10,0,22,3,1,0,2,2,0.08695652173913043,1,0,9.26984126984127,8.494505494505495,-2,0.0,-4,-1.0
66,-2,0,22,4,1,1,2,12,0.5217391304347826,0,0,11.304347826086957,9.06140350877193,10,2.5,12,3.3333333333333335
67,-1,0,23,0,0,0,22,22,0.9565217391304348,0,1,22.0,22.0,0,0.0,0,0.0
68,-2,0,23,1,1,1,22,21,0.9130434782608695,0,1,22.023255813953487,22.023255813953487,-1,-1.0,0,0.0
69,-1,0,23,2,1,0,22,19,0.8260869565217391,0,1,19.28985507246377,20.339285714285715,-2,-1.5,0,0.0
70,0,0,23,3,1,0,22,18,0.782608695652174,0,1,18.147540983606557,19.566473988439306,-1,-1.3333333333333333,1,0.0
71,-1,0,23,4,1,1,22,18,0.782608695652174,0,1,18.20754716981132,19.24778761061947,0,-1.0,1,0.3333333333333333
72,0,0,23,5,1,1,22,17,0.7391304347826086,0,0,17.375,19.183760683760685,-1,-1.0,-1,0.0
73,-3,0,26,0,0,0,23,23,1.0,0,1,23.0,23.0,0,0.0,0,0.0
74,-7,0,26,1,1,1,23,20,0.8695652173913043,0,1,20.641025641025642,20.641025641025642,-3,-3.0,0,0.0
75,1,0,26,2,1,0,23,13,0.5652173913043478,0,0,14.554054054054054,16.654867256637168,-7,-5.0,0,0.0
76,-1,0,26,3,1,0,23,14,0.6086956521739131,0,0,13.80327868852459,15.655172413793103,1,-3.0,8,2.0
77,3,0,26,4,1,1,23,13,0.5652173913043478,0,0,14.612903225806452,15.38135593220339,-1,-2.5,-2,0.6666666666666666
78,-1,0,27,0,0,0,4,4,0.17391304347826086,1,0,4.0,4.0,0,0.0,0,0.0
79,16,0,27,1,1,1,4,3,0.13043478260869565,1,0,3.051282051282051,3.051282051282051,-1,-1.0,0,0.0
80,-5,0,27,2,1,0,4,19,0.8260869565217391,0,1,11.0,4.673469387755102,16,7.5,0,0.0
81,-11,0,27,3,1,0,4,14,0.6086956521739131,0,0,20.73134328358209,13.948275862068966,-5,3.3333333333333335,-21,-2.0
82,0,0,27,4,1,0,4,3,0.13043478260869565,1,0,13.926470588235293,13.940217391304348,-11,-0.25,-6,-3.3333333333333335
83,-2,0,28,0,0,0,8,8,0.34782608695652173,0,0,8.0,8.0,0,0.0,0,0.0
84,-2,0,28,1,1,1,8,6,0.2608695652173913,0,0,6.051282051282051,6.051282051282051,-2,-2.0,0,0.0
85,-3,0,28,2,1,0,8,4,0.17391304347826086,1,0,4.3478260869565215,4.962962962962963,-2,-2.0,0,0.0
86,6,0,28,3,1,0,8,1,0.043478260869565216,1,0,4.802816901408451,4.899441340782123,-3,-2.3333333333333335,-1,-0.5
87,-2,0,28,4,1,1,8,7,0.30434782608695654,0,0,6.673469387755102,5.280701754385965,6,-0.25,9,2.6666666666666665
88,1,0,30,0,0,0,13,13,0.5652173913043478,0,0,13.0,13.0,0,0.0,0,0.0
89,-11,0,30,1,1,1,13,14,0.6086956521739131,0,0,13.974358974358974,13.974358974358974,1,1.0,0,0.0
90,7,0,30,2,1,0,13,3,0.13043478260869565,1,0,8.80722891566265,10.459016393442623,-11,-5.0,0,0.0
91,0,0,30,3,1,0,13,10,0.43478260869565216,0,0,10.49056603773585,10.468571428571428,7,-1.0,18,3.0
92,1,0,30,4,1,1,13,10,0.43478260869565216,0,0,10.377358490566039,10.447368421052632,0,-0.75,-7,-0.3333333333333333
93,-2,0,32,0,0,0,14,14,0.6086956521739131,0,0,14.0,14.0,0,0.0,0,0.0
94,3,0,32,1,1,1,14,12,0.5217391304347826,0,0,12.051282051282051,12.051282051282051,-2,-2.0,0,0.0
95,4,0,32,2,1,0,14,15,0.6521739130434783,0,0,14.902777777777779,13.9009009009009,3,0.5,0,0.0
96,2,0,32,3,1,0,14,19,0.8260869565217391,0,1,19.338983050847457,15.788235294117648,4,1.6666666666666667,1,3.0
97,1,0,59,0,0,0,21,21,0.9130434782608695,0,1,21.0,21.0,0,0.0,0,0.0
98,-3,0,59,1,1,1,21,22,0.9565217391304348,0,1,22.627906976744185,22.627906976744185,1,1.0,0,0.0
99,-3,0,59,2,1,0,21,19,0.8260869565217391,0,1,20.257142857142856,21.15929203539823,-3,-1.0,0,0.0
100,3,0,59,3,1,0,21,16,0.6956521739130435,0,0,19.97142857142857,20.704918032786885,-3,-1.6666666666666667,0,-2.0
101,-1,0,59,4,1,1,21,19,0.8260869565217391,0,1,18.69047619047619,20.32888888888889,3,-0.5,6,0.6666666666666666
102,0,0,59,5,1,1,21,18,0.782608695652174,0,1,18.5,20.266094420600858,-1,-0.6,-4,-0.5
103,0,0,88,0,0,0,19,19,0.8260869565217391,0,1,19.0,19.0,0,0.0,0,0.0
104,-2,0,88,1,1,1,19,19,0.8260869565217391,0,1,19.0,19.0,0,0.0,0,0.0
105,-2,0,88,2,1,0,19,17,0.7391304347826086,0,0,16.6056338028169,17.454545454545453,-2,-1.0,0,0.0
106,-1,0,88,3,1,0,19,15,0.6521739130434783,0,0,15.615384615384615,16.771428571428572,-2,-1.3333333333333333,0,-1.0
107,1,0,88,4,1,1,19,14,0.6086956521739131,0,0,15.733333333333333,16.506382978723405,-1,-1.25,1,-0.3333333333333333
108,-3,0,98,0,0,0,20,20,0.8695652173913043,0,1,20.0,20.0,0,0.0,0,0.0
109,-5,0,98,1,1,1,20,17,0.7391304347826086,0,0,17.025641025641026,17.025641025641026,-3,-3.0,0,0.0
110,-1,0,98,2,1,0,20,12,0.5217391304347826,0,0,13.324324324324325,14.601769911504425,-5,-4.0,0,0.0
111,3,0,98,3,1,0,20,11,0.4782608695652174,0,0,12.78125,13.943502824858758,-1,-3.0,4,1.0
112,1,0,98,4,1,1,20,14,0.6086956521739131,0,0,13.0,13.73568281938326,3,-1.5,4,2.0
113,-3,0,98,5,1,1,20,15,0.6521739130434783,0,0,14.25,13.753191489361702,1,-1.0,-2,1.0
0,0,1,1,0,0,0,4,4,0.12121212121212122,1,0,4.0,4.0,0,0.0,0,0.0
1,-1,1,1,1,1,0,4,4,0.12121212121212122,1,0,4.0,4.0,0,0.0,0,0.0
2,0,1,1,2,1,1,4,3,0.09090909090909091,1,0,3.611111111111111,3.847826086956522,-1,-0.5,0,0.0
3,0,1,1,3,1,1,4,3,0.09090909090909091,1,0,3.55,3.757575757575758,0,-0.3333333333333333,1,0.0
4,-1,1,1,4,1,0,4,3,0.09090909090909091,1,0,15.612903225806452,7.546391752577319,0,-0.25,0,0.0
5,6,1,1,5,1,0,4,2,0.06060606060606061,1,0,13.235294117647058,9.022900763358779,-1,-0.4,-1,-0.25
6,0,1,1,6,1,0,4,8,0.24242424242424243,0,0,10.371428571428572,9.30722891566265,6,0.6666666666666666,7,1.2
7,0,1,3,0,0,0,8,8,0.24242424242424243,0,0,8.0,8.0,0,0.0,0,0.0
8,-3,1,3,1,1,0,8,8,0.24242424242424243,0,0,8.0,8.0,0,0.0,0,0.0
9,-1,1,3,2,1,1,8,5,0.15151515151515152,1,0,7.473684210526316,7.782608695652174,-3,-1.5,0,0.0
10,1,1,3,3,1,0,8,4,0.12121212121212122,1,0,5.954545454545454,6.888888888888889,-1,-1.3333333333333333,2,-0.5
11,0,1,3,4,1,0,8,5,0.15151515151515152,1,0,7.235294117647059,6.983870967741935,1,-0.75,2,0.3333333333333333
12,21,1,3,5,1,1,8,5,0.15151515151515152,1,0,9.444444444444445,7.295774647887324,0,-0.6,-1,0.0
13,1,1,4,0,0,0,11,11,0.3333333333333333,0,0,11.0,11.0,0,0.0,0,0.0
14,2,1,4,1,1,0,11,12,0.36363636363636365,0,0,13.0,13.0,1,1.0,0,0.0
15,-1,1,4,2,1,1,11,14,0.42424242424242425,0,0,12.411764705882353,12.782608695652174,2,1.5,0,0.0
16,-3,1,4,3,1,0,11,13,0.3939393939393939,0,0,14.162790697674419,13.44943820224719,-1,0.6666666666666666,-3,-1.0
17,3,1,4,4,1,0,11,10,0.30303030303030304,0,0,14.117647058823529,13.634146341463415,-3,-0.25,-2,-1.3333333333333333
18,0,1,4,5,1,0,11,13,0.3939393939393939,0,0,12.733333333333333,13.392857142857142,3,0.4,6,0.5
19,-3,1,6,0,0,0,18,18,0.5454545454545454,0,0,18.0,18.0,0,0.0,0,0.0
20,0,1,6,1,1,0,18,15,0.45454545454545453,0,0,15.862068965517242,15.862068965517242,-3,-3.0,0,0.0
21,-1,1,6,2,1,1,18,15,0.45454545454545453,0,0,15.647058823529411,15.782608695652174,0,-1.5,0,0.0
22,-12,1,6,3,1,1,18,14,0.42424242424242425,0,0,14.15,15.287878787878787,-1,-1.3333333333333333,-1,1.0
23,1,1,6,4,1,0,18,2,0.06060606060606061,1,0,14.11111111111111,14.872549019607844,-12,-4.0,-11,-3.0
24,-1,1,6,5,1,0,18,3,0.09090909090909091,1,0,12.96774193548387,14.428571428571429,1,-3.0,13,1.0
25,18,1,6,6,1,0,18,2,0.06060606060606061,1,0,12.930232558139535,14.0625,-1,-2.6666666666666665,-2,0.4
26,-11,1,6,7,1,1,18,20,0.6060606060606061,0,0,12.454545454545455,13.967914438502675,18,0.2857142857142857,19,3.5
27,-9,1,7,0,0,0,28,28,0.8484848484848485,0,1,28.0,28.0,0,0.0,0,0.0
28,8,1,7,1,1,0,28,19,0.5757575757575758,0,0,28.75,28.75,-9,-9.0,0,0.0
29,-2,1,7,2,1,1,28,27,0.8181818181818182,0,0,24.294117647058822,27.20408163265306,8,-0.5,0,0.0
30,3,1,7,3,1,1,28,25,0.7575757575757576,0,0,27.142857142857142,27.196428571428573,-2,-1.0,-10,3.5
31,1,1,7,4,1,0,28,28,0.8484848484848485,0,1,25.0,26.44705882352941,3,0.0,5,4.0
32,0,1,7,5,1,0,28,29,0.8787878787878788,0,1,28.428571428571427,26.597826086956523,1,0.2,-2,2.5
33,-1,1,7,6,1,0,28,29,0.8787878787878788,0,1,29.0,26.854368932038835,0,0.16666666666666666,-1,1.8
34,0,1,7,7,1,0,28,28,0.8484848484848485,0,1,28.53846153846154,27.04310344827586,-1,0.0,-1,1.3333333333333333
35,-3,1,7,8,1,1,28,28,0.8484848484848485,0,1,28.0,27.171641791044777,0,0.0,1,1.2857142857142858
36,0,1,7,9,1,0,28,25,0.7575757575757576,0,0,25.88095238095238,26.863636363636363,-3,-0.3333333333333333,-3,0.75
37,-1,1,7,10,1,1,28,25,0.7575757575757576,0,0,25.0,26.8121546961326,0,-0.3,3,1.0
38,0,1,9,0,0,0,9,9,0.2727272727272727,0,0,9.0,9.0,0,0.0,0,0.0
39,0,1,9,1,1,0,9,9,0.2727272727272727,0,0,9.0,9.0,0,0.0,0,0.0
40,-1,1,9,2,1,1,9,9,0.2727272727272727,0,0,9.333333333333334,9.130434782608695,0,0.0,0,0.0
41,-2,1,9,3,1,0,9,8,0.24242424242424243,0,0,9.488888888888889,9.307692307692308,-1,-0.3333333333333333,-1,-0.5
42,2,1,9,4,1,0,9,6,0.18181818181818182,0,0,10.228571428571428,9.563492063492063,-2,-0.75,-1,-0.6666666666666666
43,-5,1,9,5,1,1,9,8,0.24242424242424243,0,0,10.0,9.647435897435898,2,-0.2,4,0.5
44,-1,1,10,0,0,0,29,29,0.8787878787878788,0,1,29.0,29.0,0,0.0,0,0.0
45,-3,1,10,1,1,0,29,28,0.8484848484848485,0,1,31.8,31.8,-1,-1.0,0,0.0
46,-1,1,10,2,1,1,29,25,0.7575757575757576,0,0,25.68421052631579,29.428571428571427,-3,-2.0,0,0.0
47,0,1,12,0,0,0,3,3,0.09090909090909091,1,0,3.0,3.0,0,0.0,0,0.0
48,3,1,12,1,1,0,3,3,0.09090909090909091,1,0,2.9285714285714284,2.9285714285714284,0,0.0,0,0.0
49,-4,1,12,2,1,1,3,6,0.18181818181818182,0,0,6.111111111111111,4.173913043478261,3,1.5,0,0.0
50,-1,1,12,3,1,0,3,2,0.06060606060606061,1,0,4.340909090909091,4.2555555555555555,-4,-0.3333333333333333,-7,-2.0
51,0,1,12,4,1,0,3,1,0.030303030303030304,1,0,3.142857142857143,3.944,-1,-0.5,3,-0.3333333333333333
52,0,1,12,5,1,0,3,1,0.030303030303030304,1,0,2.0,3.4550898203592815,0,-0.4,1,0.0
53,5,1,13,0,0,0,7,7,0.21212121212121213,0,0,7.0,7.0,0,0.0,0,0.0
54,0,1,13,1,1,0,7,12,0.36363636363636365,0,0,11.8,11.8,5,5.0,0,0.0
55,4,1,13,2,1,1,7,12,0.36363636363636365,0,0,15.80952380952381,13.630434782608695,0,2.5,0,0.0
56,-4,1,14,0,0,0,10,10,0.30303030303030304,0,0,10.0,10.0,0,0.0,0,0.0
57,-4,1,14,1,1,0,10,6,0.18181818181818182,0,0,6.1923076923076925,6.1923076923076925,-4,-4.0,0,0.0
58,-1,1,14,2,1,1,10,2,0.06060606060606061,1,0,5.85,6.043478260869565,-4,-4.0,0,0.0
59,19,1,14,3,1,0,10,1,0.030303030303030304,1,0,1.75,4.046511627906977,-1,-3.0,3,1.5
60,-3,1,14,4,1,0,10,20,0.6060606060606061,0,0,10.75,4.617021276595745,19,2.5,20,7.666666666666667
61,5,1,14,5,1,0,10,17,0.5151515151515151,0,0,20.96875,8.76984126984127,-3,1.4,-22,0.25
62,-13,1,14,6,1,1,10,22,0.6666666666666666,0,0,21.0,9.913669064748202,5,2.0,8,1.8
63,4,1,14,7,1,0,10,9,0.2727272727272727,0,0,16.551724137931036,11.05952380952381,-13,-0.14285714285714285,-18,-1.5
64,-12,1,15,0,0,0,30,30,0.9090909090909091,0,1,30.0,30.0,0,0.0,0,0.0
65,-1,1,15,1,1,0,30,18,0.5454545454545454,0,0,22.93548387096774,22.93548387096774,-12,-12.0,0,0.0
66,2,1,15,2,1,1,30,17,0.5151515151515151,0,0,15.133333333333333,20.391304347826086,-1,-6.5,0,0.0
67,-18,1,15,3,1,1,30,19,0.5757575757575758,0,0,17.4,19.484848484848484,2,-3.6666666666666665,3,7.0
68,1,1,15,4,1,0,30,1,0.030303030303030304,1,0,15.166666666666666,17.96078431372549,-18,-7.25,-20,-2.0
69,4,1,15,5,1,1,30,2,0.06060606060606061,1,0,11.59375,16.440298507462686,1,-5.6,19,3.25
70,4,1,15,6,1,0,30,6,0.18181818181818182,0,0,8.857142857142858,14.8698224852071,4,-4.0,3,3.2
71,-3,1,17,0,0,0,33,33,1.0,0,1,33.0,33.0,0,0.0,0,0.0
72,0,1,17,1,1,0,33,30,0.9090909090909091,0,1,32.93333333333333,32.93333333333333,-3,-3.0,0,0.0
73,-4,1,17,2,1,1,33,30,0.9090909090909091,0,1,30.473684210526315,31.979591836734695,0,-1.5,0,0.0
74,-17,1,17,3,1,1,33,26,0.7878787878787878,0,0,27.764705882352942,30.893939393939394,-4,-2.3333333333333335,-4,-0.5
75,12,1,17,4,1,0,33,9,0.2727272727272727,0,0,22.757575757575758,28.181818181818183,-17,-6.0,-13,-4.666666666666667
76,5,1,17,5,1,0,33,21,0.6363636363636364,0,0,24.424242424242426,27.242424242424242,12,-2.4,29,3.75
77,0,1,17,6,1,1,33,26,0.7878787878787878,0,0,21.25,27.066176470588236,5,-1.1666666666666667,-7,1.6
78,-5,1,17,7,1,1,33,26,0.7878787878787878,0,0,26.5,27.057971014492754,0,-1.0,-5,0.5
79,0,1,17,8,1,1,33,21,0.6363636363636364,0,0,23.266666666666666,26.12568306010929,-5,-1.5,-5,-0.2857142857142857
80,0,1,17,9,1,1,33,21,0.6363636363636364,0,0,21.0,26.016042780748663,0,-1.3333333333333333,5,0.375
81,0,1,18,0,0,0,5,5,0.15151515151515152,1,0,5.0,5.0,0,0.0,0,0.0
82,3,1,18,1,1,0,5,5,0.15151515151515152,1,0,5.0,5.0,0,0.0,0,0.0
83,1,1,18,2,1,1,5,8,0.24242424242424243,0,0,8.11111111111111,6.217391304347826,3,1.5,0,0.0
84,-5,1,18,3,1,0,5,9,0.2727272727272727,0,0,12.148936170212766,9.21505376344086,1,1.3333333333333333,-2,0.5
85,11,1,18,4,1,0,5,4,0.12121212121212122,1,0,10.166666666666666,9.48062015503876,-5,-0.25,-6,-1.6666666666666667
86,1,1,19,0,0,0,13,13,0.3939393939393939,0,0,13.0,13.0,0,0.0,0,0.0
87,-7,1,19,1,1,0,13,14,0.42424242424242425,0,0,14.066666666666666,14.066666666666666,1,1.0,0,0.0
88,-3,1,19,2,1,1,13,7,0.21212121212121213,0,0,11.722222222222221,12.787878787878787,-7,-3.0,0,0.0
89,0,1,19,3,1,0,13,4,0.12121212121212122,1,0,16.36842105263158,14.096153846153847,-3,-3.0,4,-2.0
90,13,1,19,4,1,1,13,4,0.12121212121212122,1,0,15.272727272727273,14.379562043795621,0,-2.25,3,-0.3333333333333333
91,-6,1,19,5,1,1,13,17,0.5151515151515151,0,0,11.090909090909092,14.135135135135135,13,0.8,13,3.0
92,8,1,19,6,1,0,13,11,0.3333333333333333,0,0,12.88888888888889,13.844559585492227,-6,-0.3333333333333333,-19,-1.4
93,0,1,20,0,0,0,1,1,0.030303030303030304,1,0,1.0,1.0,0,0.0,0,0.0
94,0,1,20,1,1,0,1,1,0.030303030303030304,1,0,1.0,1.0,0,0.0,0,0.0
95,1,1,20,2,1,1,1,1,0.030303030303030304,1,0,2.8421052631578947,1.7608695652173914,0,0.0,0,0.0
96,0,1,20,3,1,0,1,2,0.06060606060606061,1,0,1.5238095238095237,1.6477272727272727,1,0.3333333333333333,1,0.5
97,0,1,20,4,1,0,1,2,0.06060606060606061,1,0,5.828571428571428,2.83739837398374,0,0.25,-1,0.0
98,0,1,20,5,1,0,1,2,0.06060606060606061,1,0,4.217391304347826,3.21301775147929,0,0.2,0,0.0
99,0,1,21,0,0,0,6,6,0.18181818181818182,0,0,6.0,6.0,0,0.0,0,0.0
100,1,1,21,1,1,0,6,6,0.18181818181818182,0,0,6.933333333333334,6.933333333333334,0,0.0,0,0.0
101,1,1,21,2,1,1,6,7,0.21212121212121213,0,0,5.625,6.478260869565218,1,0.5,0,0.0
102,-2,1,21,3,1,0,6,8,0.24242424242424243,0,0,7.545454545454546,7.0,1,0.6666666666666666,0,0.5
103,18,1,21,4,1,0,6,6,0.18181818181818182,0,0,7.5,7.010869565217392,-2,0.0,-3,-0.6666666666666666
104,-3,1,21,5,1,0,6,24,0.7272727272727273,0,0,24.575757575757574,11.648,18,3.6,20,4.5
105,2,1,21,6,1,0,6,21,0.6363636363636364,0,0,22.833333333333332,14.751445086705202,-3,2.5,-21,-0.6
106,0,1,21,7,1,1,6,23,0.696969696969697,0,0,22.615384615384617,15.301075268817204,2,2.4285714285714284,5,0.3333333333333333
107,-3,1,21,8,1,1,6,23,0.696969696969697,0,0,23.0,15.342245989304812,0,2.125,-2,0.0
108,0,1,22,0,0,0,2,2,0.06060606060606061,1,0,2.0,2.0,0,0.0,0,0.0
109,2,1,22,1,1,0,2,2,0.06060606060606061,1,0,2.074074074074074,2.074074074074074,0,0.0,0,0.0
110,0,1,22,2,1,1,2,4,0.12121212121212122,1,0,5.421052631578948,3.4565217391304346,2,1.0,0,0.0
111,-1,1,22,3,1,0,2,4,0.12121212121212122,1,0,4.186046511627907,3.808988764044944,0,0.6666666666666666,-2,0.0
112,0,1,22,4,1,0,2,3,0.09090909090909091,1,0,6.285714285714286,4.508064516129032,-1,0.25,-1,-0.3333333333333333
113,3,1,22,5,1,0,2,3,0.09090909090909091,1,0,5.085106382978723,4.666666666666667,0,0.2,1,0.0
114,-1,1,23,0,0,0,15,15,0.45454545454545453,0,0,15.0,15.0,0,0.0,0,0.0
115,-1,1,23,1,1,0,15,14,0.42424242424242425,0,0,15.25925925925926,15.25925925925926,-1,-1.0,0,0.0
116,-1,1,23,2,1,1,15,13,0.3939393939393939,0,0,15.157894736842104,15.217391304347826,-1,-1.0,0,0.0
117,-5,1,23,3,1,0,15,12,0.36363636363636365,0,0,12.414634146341463,13.89655172413793,-1,-1.0,0,0.0
118,4,1,23,4,1,0,15,7,0.21212121212121213,0,0,13.666666666666666,13.837606837606838,-5,-2.0,-4,-1.3333333333333333
119,8,1,23,5,1,1,15,11,0.3333333333333333,0,0,17.65,14.394160583941606,4,-0.8,9,1.25
120,-1,1,23,6,1,1,15,19,0.5757575757575758,0,0,16.0625,14.568627450980392,8,0.6666666666666666,4,1.8
121,-8,1,23,7,1,1,15,18,0.5454545454545454,0,0,18.666666666666668,14.647435897435898,-1,0.42857142857142855,-9,0.0
122,8,1,23,8,1,0,15,10,0.30303030303030304,0,0,14.771428571428572,14.670157068062828,-8,-0.625,-7,-1.0
123,0,1,24,0,0,0,24,24,0.7272727272727273,0,0,24.0,24.0,0,0.0,0,0.0
124,-4,1,24,1,1,0,24,24,0.7272727272727273,0,0,24.892857142857142,24.892857142857142,0,0.0,0,0.0
125,-6,1,24,2,1,1,24,20,0.6060606060606061,0,0,22.27777777777778,23.869565217391305,-4,-2.0,0,0.0
126,-5,1,24,3,1,0,24,14,0.42424242424242425,0,0,17.232558139534884,20.662921348314608,-6,-3.3333333333333335,-2,-3.0
127,4,1,24,4,1,0,24,9,0.2727272727272727,0,0,15.03125,19.173553719008265,-5,-3.75,1,-1.6666666666666667
128,-4,1,25,0,0,0,23,23,0.696969696969697,0,0,23.0,23.0,0,0.0,0,0.0
129,3,1,25,1,1,0,23,19,0.5757575757575758,0,0,20.966666666666665,20.966666666666665,-4,-4.0,0,0.0
130,1,1,25,2,1,1,23,22,0.6666666666666666,0,0,19.8125,20.565217391304348,3,-0.5,0,0.0
131,-16,1,25,3,1,1,23,23,0.696969696969697,0,0,21.75,20.924242424242426,1,0.0,-2,2.5
132,-2,1,25,4,1,0,23,7,0.21212121212121213,0,0,21.555555555555557,21.147058823529413,-16,-4.0,-17,-4.0
133,15,1,25,5,1,1,23,5,0.15151515151515152,1,0,17.34285714285714,20.175182481751825,-2,-3.6,14,0.5
134,-18,1,25,6,1,1,23,20,0.6060606060606061,0,0,16.75,19.81699346405229,15,-0.5,17,3.8
135,13,1,25,7,1,0,23,2,0.06060606060606061,1,0,9.76923076923077,17.776041666666668,-18,-3.0,-33,-2.3333333333333335
136,6,1,26,0,0,0,25,25,0.7575757575757576,0,0,25.0,25.0,0,0.0,0,0.0
137,-5,1,26,1,1,0,25,31,0.9393939393939394,0,1,30.37037037037037,30.37037037037037,6,6.0,0,0.0
138,0,1,26,2,1,1,25,26,0.7878787878787878,0,0,28.772727272727273,29.653061224489797,-5,0.5,0,0.0
139,1,1,26,3,1,1,25,26,0.7878787878787878,0,0,26.0,29.58,0,0.3333333333333333,5,-3.0
140,-16,1,26,4,1,1,25,27,0.8181818181818182,0,0,27.6875,29.12121212121212,1,0.5,1,-1.6666666666666667
141,8,1,26,5,1,0,25,11,0.3333333333333333,0,0,24.29032258064516,27.577319587628867,-16,-2.8,-17,-5.5
142,5,1,26,6,1,0,25,19,0.5757575757575758,0,0,22.606060606060606,26.315384615384616,8,-1.0,24,0.4
143,1,1,26,7,1,1,25,24,0.7272727272727273,0,0,23.125,25.965753424657535,5,-0.14285714285714285,-3,-0.16666666666666666
144,-2,1,26,8,1,1,25,25,0.7575757575757576,0,0,24.333333333333332,25.901315789473685,1,0.0,-4,-0.7142857142857143
145,1,1,26,9,1,0,25,23,0.696969696969697,0,0,23.083333333333332,25.517045454545453,-2,-0.2222222222222222,-3,-1.0
146,-1,1,26,10,1,1,25,24,0.7272727272727273,0,0,23.2,25.392473118279568,1,-0.1,3,-0.5555555555555556
147,-10,1,27,0,0,0,32,32,0.9696969696969697,0,1,32.0,32.0,0,0.0,0,0.0
148,1,1,27,1,1,0,32,22,0.6666666666666666,0,0,26.1,26.1,-10,-10.0,0,0.0
149,-13,1,27,2,1,1,32,23,0.696969696969697,0,0,21.25,24.41304347826087,1,-4.5,0,0.0
150,-1,1,27,3,1,0,32,10,0.30303030303030304,0,0,16.266666666666666,20.384615384615383,-13,-7.333333333333333,-14,-1.5
151,-6,1,27,4,1,0,32,9,0.2727272727272727,0,0,14.2,18.666666666666668,-1,-5.75,12,3.0
152,1,1,27,5,1,0,32,3,0.09090909090909091,1,0,7.818181818181818,15.858823529411765,-6,-5.8,-5,1.0
153,-3,1,28,0,0,0,14,14,0.42424242424242425,0,0,14.0,14.0,0,0.0,0,0.0
154,0,1,28,1,1,0,14,11,0.3333333333333333,0,0,11.107142857142858,11.107142857142858,-3,-3.0,0,0.0
155,-6,1,28,2,1,1,14,11,0.3333333333333333,0,0,11.944444444444445,11.434782608695652,0,-1.5,0,0.0
156,-1,1,28,3,1,0,14,5,0.15151515151515152,1,0,8.090909090909092,9.8,-6,-3.0,-6,-1.5
157,1,1,28,4,1,0,14,4,0.12121212121212122,1,0,7.277777777777778,9.079365079365079,-1,-2.5,5,0.6666666666666666
158,0,1,28,5,1,0,14,5,0.15151515151515152,1,0,5.571428571428571,8.202380952380953,1,-1.8,2,1.0
159,-5,1,29,0,0,0,21,21,0.6363636363636364,0,0,21.0,21.0,0,0.0,0,0.0
160,2,1,29,1,1,0,21,16,0.48484848484848486,0,0,18.3,18.3,-5,-5.0,0,0.0
161,-1,1,29,2,1,1,21,18,0.5454545454545454,0,0,16.375,17.630434782608695,2,-1.5,0,0.0
162,-14,1,29,3,1,1,21,17,0.5151515151515151,0,0,17.4,17.560606060606062,-1,-1.3333333333333333,-3,2.0
163,-1,1,29,4,1,0,21,3,0.09090909090909091,1,0,17.555555555555557,17.558823529411764,-14,-4.5,-13,-3.0
164,3,1,29,5,1,1,21,2,0.06060606060606061,1,0,12.914285714285715,16.37226277372263,-1,-3.8,13,1.0
165,2,1,29,6,1,0,21,5,0.15151515151515152,1,0,10.942857142857143,15.267441860465116,3,-2.6666666666666665,4,1.6
166,1,1,30,0,0,0,16,16,0.48484848484848486,0,0,16.0,16.0,0,0.0,0,0.0
167,-1,1,30,1,1,0,16,17,0.5151515151515151,0,0,17.0,17.0,1,1.0,0,0.0
168,1,1,32,0,0,0,17,17,0.5151515151515151,0,0,17.0,17.0,0,0.0,0,0.0
169,-2,1,32,1,1,0,17,18,0.5454545454545454,0,0,18.566666666666666,18.566666666666666,1,1.0,0,0.0
170,15,1,32,2,1,0,17,16,0.48484848484848486,0,0,18.0,18.548387096774192,-2,-0.5,0,0.0
171,0,1,32,3,1,1,17,31,0.9393939393939394,0,1,28.88235294117647,22.208333333333332,15,4.666666666666667,17,7.0
172,-3,1,32,4,1,1,17,31,0.9393939393939394,0,1,31.0,23.464285714285715,0,3.5,-15,-0.3333333333333333
173,0,1,32,5,1,0,17,28,0.8484848484848485,0,1,29.236842105263158,25.79787234042553,-3,2.2,-3,-1.0
174,1,1,32,6,1,0,17,28,0.8484848484848485,0,1,27.916666666666668,26.037735849056602,0,1.8333333333333333,3,-0.2
175,3,1,33,0,0,0,19,19,0.5757575757575758,0,0,19.0,19.0,0,0.0,0,0.0
176,7,1,33,1,1,0,19,22,0.6666666666666666,0,0,19.85185185185185,19.85185185185185,3,3.0,0,0.0
177,4,1,33,2,1,1,19,29,0.8787878787878788,0,1,27.8,22.69047619047619,7,5.0,0,0.0
178,7,1,59,0,0,0,20,20,0.6060606060606061,0,0,20.0,20.0,0,0.0,0,0.0
179,2,1,59,1,1,0,20,27,0.8181818181818182,0,0,26.423076923076923,26.423076923076923,7,7.0,0,0.0
180,-1,1,59,2,1,1,20,29,0.8787878787878788,0,1,30.82608695652174,28.489795918367346,2,4.5,0,0.0
181,0,1,59,3,1,1,20,28,0.8484848484848485,0,1,27.857142857142858,28.410714285714285,-1,2.6666666666666665,-3,-4.0
182,-9,1,59,4,1,1,20,28,0.8484848484848485,0,1,28.5,28.413793103448278,0,2.0,1,-2.3333333333333335
183,3,1,59,5,1,0,20,19,0.5757575757575758,0,0,26.444444444444443,27.659574468085108,-9,-0.2,-9,-4.0
184,1,1,59,6,1,0,20,22,0.6666666666666666,0,0,22.70967741935484,26.432,3,0.3333333333333333,12,-0.8
185,0,1,59,7,1,1,20,23,0.696969696969697,0,0,23.296296296296298,25.875,1,0.42857142857142855,-2,-1.0
186,-1,1,59,8,1,1,20,23,0.696969696969697,0,0,23.0,25.837662337662337,0,0.375,-1,-1.0
187,-2,1,59,9,1,1,20,22,0.6666666666666666,0,0,23.375,25.413978494623656,-1,0.2222222222222222,-1,-1.0
188,2,1,59,10,1,0,20,20,0.6060606060606061,0,0,20.833333333333332,25.270833333333332,-2,0.0,-1,-1.0
189,-4,1,60,0,0,0,31,31,0.9393939393939394,0,1,31.0,31.0,0,0.0,0,0.0
190,-3,1,60,1,1,0,31,27,0.8181818181818182,0,0,30.233333333333334,30.233333333333334,-4,-4.0,0,0.0
191,-11,1,60,2,1,1,31,24,0.7272727272727273,0,0,24.526315789473685,28.020408163265305,-3,-3.5,0,0.0
192,-3,1,60,3,1,0,31,13,0.3939393939393939,0,0,20.11627906976744,24.32608695652174,-11,-6.0,-8,-3.5
193,8,1,60,4,1,0,31,10,0.30303030303030304,0,0,15.485714285714286,21.88976377952756,-3,-5.25,8,0.3333333333333333
194,-15,1,60,5,1,1,31,18,0.5454545454545454,0,0,15.074074074074074,20.694805194805195,8,-2.6,11,3.0
195,13,1,60,6,1,0,31,3,0.09090909090909091,1,0,10.68421052631579,18.713541666666668,-15,-4.666666666666667,-23,-2.2
196,-2,1,64,0,0,0,26,26,0.7878787878787878,0,0,26.0,26.0,0,0.0,0,0.0
197,-1,1,64,1,1,0,26,24,0.7272727272727273,0,0,24.333333333333332,24.333333333333332,-2,-2.0,0,0.0
198,-15,1,64,2,1,1,26,23,0.696969696969697,0,0,22.63157894736842,23.6734693877551,-1,-1.5,0,0.0
199,1,1,64,3,1,0,26,8,0.24242424242424243,0,0,16.25581395348837,20.206521739130434,-15,-6.0,-14,-6.5
200,7,1,64,4,1,0,26,9,0.2727272727272727,0,0,14.228571428571428,18.559055118110237,1,-4.25,16,1.0
201,-14,1,64,5,1,1,26,16,0.48484848484848486,0,0,14.576923076923077,17.88235294117647,7,-2.0,6,2.25
202,15,1,64,6,1,0,26,2,0.06060606060606061,1,0,7.1,15.647668393782384,-14,-4.0,-21,-2.4
203,1,1,66,0,0,0,27,27,0.8181818181818182,0,0,27.0,27.0,0,0.0,0,0.0
204,0,1,66,1,1,0,27,28,0.8484848484848485,0,1,27.862068965517242,27.862068965517242,1,1.0,0,0.0
205,-6,1,66,2,1,1,27,28,0.8484848484848485,0,1,29.2,28.408163265306122,0,0.5,0,0.0
206,-17,1,66,3,1,1,27,22,0.6666666666666666,0,0,25.176470588235293,27.575757575757574,-6,-1.6666666666666667,-6,-3.5
207,2,1,66,4,1,0,27,5,0.15151515151515152,1,0,19.147058823529413,24.71,-17,-5.5,-11,-6.0
208,3,1,66,5,1,0,27,7,0.21212121212121213,0,0,16.5,22.71969696969697,2,-4.0,19,0.25
209,1,1,66,6,1,0,27,10,0.30303030303030304,0,0,13.6875,20.95731707317073,3,-2.8333333333333335,1,0.4
210,0,1,88,0,0,0,22,22,0.6666666666666666,0,0,22.0,22.0,0,0.0,0,0.0
211,-3,1,88,1,1,0,22,22,0.6666666666666666,0,0,22.107142857142858,22.107142857142858,0,0.0,0,0.0
212,0,1,88,2,1,1,22,19,0.5757575757575758,0,0,21.0,21.67391304347826,-3,-1.5,0,0.0
213,0,1,88,3,1,1,22,19,0.5757575757575758,0,0,18.7,21.142857142857142,0,-1.0,3,0.0
214,0,1,88,4,1,0,22,19,0.5757575757575758,0,0,20.545454545454547,20.921348314606742,0,-0.75,0,0.0
215,3,1,88,5,1,0,22,19,0.5757575757575758,0,0,21.29032258064516,21.016666666666666,0,-0.6,0,0.0
216,-10,1,88,6,1,1,22,22,0.6666666666666666,0,0,23.352941176470587,21.306569343065693,3,0.0,3,0.6
217,6,1,88,7,1,0,22,12,0.36363636363636365,0,0,16.8,20.49700598802395,-10,-1.4285714285714286,-13,-1.6666666666666667
218,-4,1,88,8,1,1,22,18,0.5454545454545454,0,0,17.0,20.122994652406415,6,-0.5,16,0.8571428571428571
219,-2,1,98,0,0,0,12,12,0.36363636363636365,0,0,12.0,12.0,0,0.0,0,0.0
220,0,1,98,1,1,0,12,10,0.30303030303030304,0,0,10.071428571428571,10.071428571428571,-2,-2.0,0,0.0
221,-3,1,98,2,1,1,12,10,0.30303030303030304,0,0,10.444444444444445,10.217391304347826,0,-1.0,0,0.0
222,-1,1,98,3,1,0,12,7,0.21212121212121213,0,0,9.452380952380953,9.852272727272727,-3,-1.6666666666666667,-3,-0.5
223,1,1,98,4,1,0,12,6,0.18181818181818182,0,0,10.393939393939394,10.0,-1,-1.5,2,0.3333333333333333
224,5,1,98,5,1,0,12,7,0.21212121212121213,0,0,9.0,9.728915662650602,1,-1.0,2,0.75
0,0,2,1,0,0,0,1,1,0.03125,1,0,1.0,1.0,0,0.0,0,0.0
1,2,2,1,1,1,0,1,1,0.03125,1,0,1.0,1.0,0,0.0,0,0.0
2,1,2,1,2,1,0,1,3,0.09375,1,0,4.891891891891892,2.5483870967741935,2,1.0,0,0.0
3,6,2,1,3,1,0,1,4,0.125,1,0,10.173913043478262,5.071942446043166,1,1.0,-1,0.5
4,-1,2,1,4,1,1,1,10,0.3125,0,0,11.552631578947368,6.463276836158192,6,2.25,5,2.0
5,-2,2,1,5,1,1,1,9,0.28125,0,0,10.4375,7.07177033492823,-1,1.6,-7,-0.25
6,6,2,1,6,1,0,1,7,0.21875,0,0,7.846153846153846,7.117117117117117,-2,1.0,-1,-0.4
7,0,2,1,7,1,0,1,13,0.40625,0,0,7.6,7.127753303964758,6,1.7142857142857142,8,1.0
8,4,2,3,0,0,0,2,2,0.0625,1,0,2.0,2.0,0,0.0,0,0.0
9,0,2,4,0,0,0,19,19,0.59375,0,0,19.0,19.0,0,0.0,0,0.0
10,-10,2,5,0,0,0,15,15,0.46875,0,0,15.0,15.0,0,0.0,0,0.0
11,-2,2,5,1,1,0,15,5,0.15625,1,0,11.5625,11.5625,-10,-10.0,0,0.0
12,0,2,5,2,1,0,15,3,0.09375,1,0,10.135593220338983,10.878048780487806,-2,-6.0,0,0.0
13,1,2,5,3,1,1,15,3,0.09375,1,0,6.88,9.722543352601155,0,-4.0,2,5.0
14,0,2,5,4,1,1,15,4,0.125,1,0,3.28125,8.717073170731707,1,-2.75,1,3.6666666666666665
15,-2,2,6,0,0,0,4,4,0.125,1,0,4.0,4.0,0,0.0,0,0.0
16,-1,2,6,1,1,0,4,2,0.0625,1,0,4.492063492063492,4.492063492063492,-2,-2.0,0,0.0
17,2,2,6,2,1,0,4,1,0.03125,1,0,2.3728813559322033,3.4672131147540983,-1,-1.5,0,0.0
18,0,2,7,0,0,0,3,3,0.09375,1,0,3.0,3.0,0,0.0,0,0.0
19,0,2,9,0,0,0,7,7,0.21875,0,0,7.0,7.0,0,0.0,0,0.0
20,-5,2,9,1,1,0,7,7,0.21875,0,0,6.790322580645161,6.790322580645161,0,0.0,0,0.0
21,-1,2,9,2,1,0,7,2,0.0625,1,0,4.491228070175438,5.689075630252101,-5,-2.5,0,0.0
22,0,2,9,3,1,1,7,1,0.03125,1,0,1.537037037037037,4.393063583815029,-1,-2.0,4,-0.5
23,0,2,9,4,1,1,7,1,0.03125,1,0,1.0,3.8634146341463413,0,-1.5,1,0.0
24,8,2,10,0,0,0,13,13,0.40625,0,0,13.0,13.0,0,0.0,0,0.0
25,-16,2,10,1,1,1,13,21,0.65625,0,0,18.4,18.4,8,8.0,0,0.0
26,0,2,10,2,1,0,13,5,0.15625,1,0,18.112903225806452,18.134328358208954,-16,-4.0,0,0.0
27,4,2,10,3,1,0,13,5,0.15625,1,0,13.431034482758621,15.952,0,-2.6666666666666665,16,-4.0
28,0,2,10,4,1,1,13,9,0.28125,0,0,11.320754716981131,14.573033707865168,4,-1.0,4,-1.3333333333333333
29,-2,2,10,5,1,0,13,9,0.28125,0,0,8.80952380952381,13.964824120603016,0,-0.8,-4,-2.0
30,2,2,10,6,1,1,13,7,0.21875,0,0,8.3,13.69377990430622,-2,-1.0,-2,-2.0
31,2,2,12,0,0,0,3,3,0.09375,1,0,3.0,3.0,0,0.0,0,0.0
32,0,2,12,1,1,0,3,5,0.15625,1,0,2.7796610169491527,2.7796610169491527,2,2.0,0,0.0
33,1,2,12,2,1,0,3,5,0.15625,1,0,4.928571428571429,3.8260869565217392,0,1.0,0,0.0
34,1,2,12,3,1,1,3,6,0.1875,0,0,8.174603174603174,5.365168539325842,1,1.0,1,-0.5
35,1,2,14,0,0,0,6,6,0.1875,0,0,6.0,6.0,0,0.0,0,0.0
36,14,2,14,1,1,0,6,7,0.21875,0,0,6.043478260869565,6.043478260869565,1,1.0,0,0.0
37,0,2,14,2,1,0,6,21,0.65625,0,0,7.0,6.185185185185185,14,7.5,0,0.0
38,0,2,15,0,0,0,20,20,0.625,0,0,20.0,20.0,0,0.0,0,0.0
39,-17,2,15,1,1,1,20,20,0.625,0,0,19.0,19.0,0,0.0,0,0.0
40,1,2,15,2,1,0,20,3,0.09375,1,0,14.548387096774194,14.880597014925373,-17,-8.5,0,0.0
41,3,2,15,3,1,0,20,4,0.125,1,0,10.649122807017545,12.935483870967742,1,-5.333333333333333,18,0.5
42,-1,2,15,4,1,1,20,7,0.21875,0,0,9.074074074074074,11.764044943820224,3,-3.25,2,1.0
43,0,2,15,5,1,1,20,6,0.1875,0,0,6.962962962962963,11.13170731707317,-1,-2.8,-4,-0.25
44,5,2,18,0,0,0,5,5,0.15625,1,0,5.0,5.0,0,0.0,0,0.0
45,-3,2,18,1,1,0,5,10,0.3125,0,0,8.875,8.875,5,5.0,0,0.0
46,-3,2,18,2,1,0,5,7,0.21875,0,0,11.11111111111111,10.058823529411764,-3,1.0,0,0.0
47,8,2,18,3,1,0,5,4,0.125,1,0,8.033333333333333,9.308641975308642,-3,-0.3333333333333333,0,-4.0
48,-2,2,18,4,1,1,5,12,0.375,0,0,10.066666666666666,9.372881355932204,8,1.75,11,1.0
49,-2,2,18,5,1,1,5,10,0.3125,0,0,11.78125,9.741626794258373,-2,1.0,-10,-1.75
50,-8,2,19,0,0,0,21,21,0.65625,0,0,21.0,21.0,0,0.0,0,0.0
51,-2,2,19,1,1,0,21,13,0.40625,0,0,17.0,17.0,-8,-8.0,0,0.0
52,-3,2,19,2,1,0,21,11,0.34375,0,0,14.614035087719298,15.837606837606838,-2,-5.0,0,0.0
53,0,2,19,3,1,1,21,8,0.25,0,0,11.62295081967213,14.393258426966293,-3,-4.333333333333333,-1,2.5
54,2,2,19,4,1,1,21,8,0.25,0,0,8.173913043478262,13.681592039800995,0,-3.25,3,2.6666666666666665
55,0,2,20,0,0,0,14,14,0.4375,0,0,14.0,14.0,0,0.0,0,0.0
56,-4,2,20,1,1,0,14,14,0.4375,0,0,15.03448275862069,15.03448275862069,0,0.0,0,0.0
57,1,2,20,2,1,0,14,10,0.3125,0,0,13.666666666666666,14.356521739130434,-4,-2.0,0,0.0
58,5,2,20,3,1,0,14,11,0.34375,0,0,12.333333333333334,13.844155844155845,1,-1.0,5,0.5
59,-1,2,21,0,0,0,18,18,0.5625,0,0,18.0,18.0,0,0.0,0,0.0
60,-11,2,21,1,1,1,18,17,0.53125,0,0,16.2,16.2,-1,-1.0,0,0.0
61,2,2,21,2,1,0,18,6,0.1875,0,0,17.080645161290324,17.01492537313433,-11,-6.0,0,0.0
62,6,2,21,3,1,0,18,8,0.25,0,0,14.793103448275861,15.984,2,-3.3333333333333335,13,1.5
63,-2,2,21,4,1,1,18,14,0.4375,0,0,14.784313725490197,15.636363636363637,6,-1.0,4,2.3333333333333335
64,-1,2,21,5,1,1,18,12,0.375,0,0,13.84375,15.360576923076923,-2,-1.2,-8,-0.25
65,0,2,22,0,0,0,2,2,0.0625,1,0,2.0,2.0,0,0.0,0,0.0
66,2,2,22,1,1,0,2,2,0.0625,1,0,2.4915254237288136,2.4915254237288136,0,0.0,0,0.0
67,0,2,22,2,1,0,2,4,0.125,1,0,2.5357142857142856,2.5130434782608697,2,1.0,0,0.0
68,-2,2,22,3,1,1,2,4,0.125,1,0,6.086206896551724,3.7109826589595376,0,0.6666666666666666,-2,0.0
69,0,2,22,4,1,1,2,2,0.0625,1,0,2.5625,3.5317073170731708,-2,0.0,-2,-0.6666666666666666
70,-1,2,23,0,0,0,12,12,0.375,0,0,12.0,12.0,0,0.0,0,0.0
71,-2,2,23,1,1,0,12,11,0.34375,0,0,12.339285714285714,12.339285714285714,-1,-1.0,0,0.0
72,2,2,23,2,1,0,12,9,0.28125,0,0,12.796296296296296,12.563636363636364,-2,-1.5,0,0.0
73,2,2,23,3,1,0,12,11,0.34375,0,0,14.210526315789474,12.806201550387597,2,-0.3333333333333333,4,1.5
74,-2,2,23,4,1,1,12,13,0.40625,0,0,14.297872340425531,13.204545454545455,2,0.25,0,1.0
75,-1,2,23,5,1,1,12,11,0.34375,0,0,12.84375,13.149038461538462,-2,-0.2,-4,-0.25
76,0,2,25,0,0,0,4,4,0.125,1,0,4.0,4.0,0,0.0,0,0.0
77,-11,2,26,0,0,0,16,16,0.5,0,0,16.0,16.0,0,0.0,0,0.0
78,6,2,26,1,1,0,16,5,0.15625,1,0,9.290322580645162,9.290322580645162,-11,-11.0,0,0.0
79,8,2,26,2,1,0,16,11,0.34375,0,0,10.321428571428571,9.61111111111111,6,-2.5,0,0.0
80,0,2,26,3,1,0,16,19,0.59375,0,0,19.425925925925927,13.291666666666666,8,1.0,2,9.5
81,-1,2,26,4,1,1,16,19,0.59375,0,0,19.84,14.2603550295858,0,0.75,-8,3.6666666666666665
82,0,2,26,5,1,0,16,18,0.5625,0,0,18.157894736842106,14.654255319148936,-1,0.4,-1,2.5
83,-2,2,26,6,1,1,16,18,0.5625,0,0,18.0,14.839195979899497,0,0.3333333333333333,1,2.2
84,-7,2,27,0,0,0,8,8,0.25,0,0,8.0,8.0,0,0.0,0,0.0
85,1,2,27,1,1,0,8,1,0.03125,1,0,4.0625,4.0625,-7,-7.0,0,0.0
86,0,2,27,2,1,0,8,2,0.0625,1,0,4.762711864406779,4.3983739837398375,1,-3.0,0,0.0
87,1,2,27,3,1,1,8,2,0.0625,1,0,2.52,3.8554913294797686,0,-2.0,-1,3.5
88,0,2,27,4,1,1,8,3,0.09375,1,0,3.9375,3.868292682926829,1,-1.25,1,2.6666666666666665
89,-4,2,28,0,0,0,10,10,0.3125,0,0,10.0,10.0,0,0.0,0,0.0
90,-1,2,28,1,1,0,10,6,0.1875,0,0,7.516666666666667,7.516666666666667,-4,-4.0,0,0.0
91,0,2,28,2,1,0,10,5,0.15625,1,0,7.169491525423729,7.34453781512605,-1,-2.5,0,0.0
92,-1,2,28,3,1,1,10,5,0.15625,1,0,7.148148148148148,7.283236994219653,0,-1.6666666666666667,1,2.0
93,1,2,28,4,1,1,10,4,0.125,1,0,5.0,7.219101123595506,-1,-1.5,-1,1.0
94,0,2,28,5,1,1,10,5,0.15625,1,0,4.074074074074074,6.804878048780488,1,-1.0,2,1.25
95,0,2,30,0,0,0,9,9,0.28125,0,0,9.0,9.0,0,0.0,0,0.0
96,0,2,30,1,1,0,9,9,0.28125,0,0,10.233333333333333,10.233333333333333,0,0.0,0,0.0
97,-1,2,30,2,1,0,9,9,0.28125,0,0,9.882352941176471,10.106382978723405,0,0.0,0,0.0
98,3,2,30,3,1,0,9,8,0.25,0,0,12.898305084745763,11.183006535947712,-1,-0.3333333333333333,-1,-0.5
99,-3,2,30,4,1,1,9,11,0.34375,0,0,11.583333333333334,11.23728813559322,3,0.5,4,1.0
100,-1,2,30,5,1,1,9,8,0.25,0,0,10.03125,11.052631578947368,-3,-0.2,-6,-0.75
101,5,2,47,0,0,0,5,5,0.15625,1,0,5.0,5.0,0,0.0,0,0.0
102,3,2,55,0,0,0,6,6,0.1875,0,0,6.0,6.0,0,0.0,0,0.0
103,0,2,57,0,0,0,7,7,0.21875,0,0,7.0,7.0,0,0.0,0,0.0
104,-1,2,59,0,0,0,22,22,0.6875,0,0,22.0,22.0,0,0.0,0,0.0
105,-8,2,59,1,1,1,22,21,0.65625,0,0,21.833333333333332,21.833333333333332,-1,-1.0,0,0.0
106,3,2,59,2,1,0,22,13,0.40625,0,0,19.603448275862068,19.8125,-8,-4.5,0,0.0
107,-1,2,59,3,1,0,22,16,0.5,0,0,17.49019607843137,18.782608695652176,3,-2.0,11,2.0
108,-2,2,59,4,1,1,22,15,0.46875,0,0,16.83606557377049,18.107954545454547,-1,-1.75,-4,0.0
109,-1,2,59,5,1,1,22,13,0.40625,0,0,14.84375,17.60576923076923,-2,-1.8,-1,-0.25
110,-3,2,60,0,0,0,8,8,0.25,0,0,8.0,8.0,0,0.0,0,0.0
111,-8,2,68,0,0,0,9,9,0.28125,0,0,9.0,9.0,0,0.0,0,0.0
112,1,2,73,0,0,0,10,10,0.3125,0,0,10.0,10.0,0,0.0,0,0.0
113,-9,2,83,0,0,0,11,11,0.34375,0,0,11.0,11.0,0,0.0,0,0.0
114,0,2,88,0,0,0,17,17,0.53125,0,0,17.0,17.0,0,0.0,0,0.0
115,0,2,88,1,1,0,17,17,0.53125,0,0,15.526315789473685,15.526315789473685,0,0.0,0,0.0
116,3,2,88,2,1,0,17,17,0.53125,0,0,17.0,15.6,0,0.0,0,0.0
117,-1,2,88,3,1,0,17,20,0.625,0,0,19.79310344827586,17.36231884057971,3,1.0,3,1.5
118,0,2,88,4,1,0,17,19,0.59375,0,0,19.764705882352942,18.155339805825243,-1,0.5,-4,-0.3333333333333333
119,-1,2,88,5,1,0,17,19,0.59375,0,0,19.0,18.369565217391305,0,0.4,1,0.0
120,-1,2,88,6,1,1,17,18,0.5625,0,0,19.125,18.511764705882353,-1,0.16666666666666666,-1,-0.2
121,-2,2,88,7,1,1,17,17,0.53125,0,0,17.0625,18.282178217821784,-1,0.0,0,-0.16666666666666666
122,-1,2,98,0,0,0,11,11,0.34375,0,0,11.0,11.0,0,0.0,0,0.0
123,-6,2,98,1,1,0,11,10,0.3125,0,0,12.3,12.3,-1,-1.0,0,0.0
124,12,2,98,2,1,0,11,4,0.125,1,0,9.338983050847459,10.831932773109244,-6,-3.5,0,0.0
125,-2,2,98,3,1,1,11,16,0.5,0,0,16.636363636363637,12.666666666666666,12,1.6666666666666667,18,6.5
126,0,2,98,4,1,1,11,14,0.4375,0,0,15.96875,13.179611650485437,-2,0.75,-14,-0.3333333333333333
0,-1,3,1,0,0,0,2,2,0.09090909090909091,1,0,2.0,2.0,0,0.0,0,0.0
1,0,3,1,1,1,0,2,1,0.045454545454545456,1,0,1.3157894736842106,1.3157894736842106,-1,-1.0,0,0.0
2,0,3,1,2,1,1,2,1,0.045454545454545456,1,0,1.0,1.173913043478261,0,-0.5,0,0.0
3,1,3,1,3,1,0,2,1,0.045454545454545456,1,0,1.0,1.1090909090909091,0,-0.3333333333333333,0,0.5
4,2,3,1,4,1,1,2,2,0.09090909090909091,1,0,1.5890410958904109,1.2286689419795223,1,0.0,1,0.6666666666666666
5,0,3,4,0,0,0,22,22,1.0,0,1,22.0,22.0,0,0.0,0,0.0
6,0,3,4,1,1,0,22,22,1.0,0,1,22.0,22.0,0,0.0,0,0.0
7,0,3,4,2,1,0,22,22,1.0,0,1,22.0,22.0,0,0.0,0,0.0
8,-9,3,5,0,0,0,11,11,0.5,0,0,11.0,11.0,0,0.0,0,0.0
9,0,3,5,1,1,0,11,2,0.09090909090909091,1,0,4.486111111111111,4.486111111111111,-9,-9.0,0,0.0
10,1,3,5,2,1,1,11,2,0.09090909090909091,1,0,2.378787878787879,3.4782608695652173,0,-4.5,0,0.0
11,-2,3,5,3,1,0,11,3,0.13636363636363635,1,0,2.123456790123457,2.9771689497716896,1,-2.6666666666666665,1,5.0
12,-3,3,6,0,0,0,7,7,0.3181818181818182,0,0,7.0,7.0,0,0.0,0,0.0
13,3,3,6,1,1,0,7,4,0.18181818181818182,1,0,7.866666666666666,7.866666666666666,-3,-3.0,0,0.0
14,-2,3,6,2,1,1,7,7,0.3181818181818182,0,0,7.432835820895522,7.661971830985915,3,0.0,0,0.0
15,-2,3,6,3,1,0,7,5,0.22727272727272727,1,0,5.641025641025641,6.945454545454545,-2,-0.6666666666666666,-5,0.5
16,2,3,6,4,1,1,7,3,0.13636363636363635,1,0,3.8904109589041096,6.184300341296928,-2,-1.0,0,0.3333333333333333
17,-1,3,9,0,0,0,6,6,0.2727272727272727,0,0,6.0,6.0,0,0.0,0,0.0
18,7,3,9,1,1,0,6,5,0.22727272727272727,1,0,8.0,8.0,-1,-1.0,0,0.0
19,-2,3,9,2,1,1,6,12,0.5454545454545454,0,0,12.0,9.843971631205674,7,3.0,0,0.0
20,1,3,9,3,1,0,6,10,0.45454545454545453,0,0,11.061728395061728,10.288288288288289,-2,1.3333333333333333,-9,-0.5
21,1,3,9,4,1,0,6,11,0.5,0,0,9.885714285714286,10.233463035019454,1,1.25,3,0.6666666666666666
22,6,3,10,0,0,0,8,8,0.36363636363636365,0,0,8.0,8.0,0,0.0,0,0.0
23,-5,3,10,1,1,0,8,14,0.6363636363636364,0,0,8.549019607843137,8.549019607843137,6,6.0,0,0.0
24,5,3,10,2,1,0,8,9,0.4090909090909091,0,0,13.911111111111111,11.0625,-5,0.5,0,0.0
25,-1,3,10,3,1,1,8,14,0.6363636363636364,0,0,14.933333333333334,12.297872340425531,5,2.0,10,-0.5
26,-1,3,10,4,1,0,8,13,0.5909090909090909,0,0,13.131578947368421,12.474860335195531,-1,1.25,-6,-2.3333333333333335
27,1,3,10,5,1,0,8,12,0.5454545454545454,0,0,14.333333333333334,12.923728813559322,-1,0.8,0,-1.75
28,2,3,12,0,0,0,1,1,0.045454545454545456,1,0,1.0,1.0,0,0.0,0,0.0
29,5,3,12,1,1,0,1,3,0.13636363636363635,1,0,2.1466666666666665,2.1466666666666665,2,2.0,0,0.0
30,0,3,12,2,1,1,1,8,0.36363636363636365,0,0,7.447761194029851,4.647887323943662,5,3.5,0,0.0
31,-2,3,12,3,1,0,1,8,0.36363636363636365,0,0,7.342105263157895,5.587155963302752,0,2.3333333333333335,-5,-1.0
32,7,3,14,0,0,0,13,13,0.5909090909090909,0,0,13.0,13.0,0,0.0,0,0.0
33,-1,3,14,1,1,0,13,20,0.9090909090909091,0,1,18.725,18.725,7,7.0,0,0.0
34,1,3,14,2,1,0,13,19,0.8636363636363636,0,1,20.446428571428573,19.729166666666668,-1,3.0,0,0.0
35,-3,3,14,3,1,1,13,20,0.9090909090909091,0,1,19.904761904761905,19.782608695652176,1,2.3333333333333335,2,-3.0
36,0,3,14,4,1,0,13,17,0.7727272727272727,0,1,18.626666666666665,19.375586854460092,-3,1.0,-4,-3.3333333333333335
37,1,3,15,0,0,0,12,12,0.5454545454545454,0,0,12.0,12.0,0,0.0,0,0.0
38,-3,3,15,1,1,0,12,13,0.5909090909090909,0,0,12.71875,12.71875,1,1.0,0,0.0
39,-1,3,15,2,1,1,12,10,0.45454545454545453,0,0,12.282051282051283,12.47887323943662,-3,-1.0,0,0.0
40,-2,3,15,3,1,0,12,9,0.4090909090909091,0,0,9.987341772151899,11.588235294117647,-1,-1.0,2,-1.0
41,0,3,15,4,1,1,12,7,0.3181818181818182,0,0,7.661971830985915,10.633561643835616,-2,-1.25,-1,-1.0
42,-3,3,18,0,0,0,15,15,0.6818181818181818,0,0,15.0,15.0,0,0.0,0,0.0
43,5,3,18,1,1,0,15,12,0.5454545454545454,0,0,15.191011235955056,15.191011235955056,-3,-3.0,0,0.0
44,-7,3,18,2,1,1,15,17,0.7727272727272727,0,1,17.823529411764707,16.15,5,1.0,0,0.0
45,1,3,18,3,1,0,15,10,0.45454545454545453,0,0,14.351648351648352,15.441558441558442,-7,-1.6666666666666667,-12,-2.0
46,-13,3,19,0,0,0,20,20,0.9090909090909091,0,1,20.0,20.0,0,0.0,0,0.0
47,10,3,19,1,1,0,20,7,0.3181818181818182,0,0,14.210526315789474,14.210526315789474,-13,-13.0,0,0.0
48,2,3,19,2,1,0,20,17,0.7727272727272727,0,1,14.911764705882353,14.427272727272728,10,-1.5,0,0.0
49,-1,3,19,3,1,1,20,19,0.8636363636363636,0,1,18.724137931034484,15.323741007194245,2,-0.3333333333333333,-8,7.5
50,0,3,19,4,1,0,20,18,0.8181818181818182,0,1,18.2,15.902298850574713,-1,-0.5,-3,4.0
51,0,3,19,5,1,0,20,18,0.8181818181818182,0,1,18.65573770491803,16.617021276595743,0,-0.4,1,3.25
52,0,3,19,6,1,1,20,18,0.8181818181818182,0,1,18.9,17.017543859649123,0,-0.3333333333333333,0,2.6
53,5,3,20,0,0,0,9,9,0.4090909090909091,0,0,9.0,9.0,0,0.0,0,0.0
54,-5,3,20,1,1,0,9,14,0.6363636363636364,0,0,13.430769230769231,13.430769230769231,5,5.0,0,0.0
55,0,3,20,2,1,1,9,9,0.4090909090909091,0,0,11.766233766233766,12.528169014084508,-5,0.0,0,0.0
56,0,3,20,3,1,0,9,9,0.4090909090909091,0,0,8.987179487179487,11.272727272727273,0,0.0,5,-2.5
57,0,3,20,4,1,1,9,9,0.4090909090909091,0,0,8.929577464788732,10.70103092783505,0,0.0,0,-1.6666666666666667
58,-10,3,21,0,0,0,18,18,0.8181818181818182,0,1,18.0,18.0,0,0.0,0,0.0
59,-5,3,21,1,1,0,18,8,0.36363636363636365,0,0,12.492753623188406,12.492753623188406,-10,-10.0,0,0.0
60,1,3,21,2,1,1,18,3,0.13636363636363635,1,0,5.159420289855072,8.826086956521738,-5,-7.5,0,0.0
61,-2,3,21,3,1,0,18,4,0.18181818181818182,1,0,3.5375,6.885321100917431,1,-4.666666666666667,6,5.5
62,1,3,22,0,0,0,4,4,0.18181818181818182,1,0,4.0,4.0,0,0.0,0,0.0
63,0,3,22,1,1,0,4,5,0.22727272727272727,1,0,4.538461538461538,4.538461538461538,1,1.0,0,0.0
64,1,3,22,2,1,1,4,5,0.22727272727272727,1,0,5.103896103896104,4.845070422535211,0,0.5,0,0.0
65,2,3,22,3,1,0,4,6,0.2727272727272727,0,0,5.594936708860759,5.113122171945701,1,0.6666666666666666,1,0.0
66,0,3,22,4,1,1,4,8,0.36363636363636365,0,0,6.253521126760563,5.390410958904109,2,1.0,1,0.3333333333333333
67,-8,3,23,0,0,0,17,17,0.7727272727272727,0,1,17.0,17.0,0,0.0,0,0.0
68,7,3,23,1,1,0,17,9,0.4090909090909091,0,0,16.546666666666667,16.546666666666667,-8,-8.0,0,0.0
69,-3,3,23,2,1,1,17,16,0.7272727272727273,0,0,15.876923076923077,16.235714285714284,7,-0.5,0,0.0
70,1,3,23,3,1,0,17,13,0.5909090909090909,0,0,13.794871794871796,15.362385321100918,-3,-1.3333333333333333,-10,2.5
71,-6,3,26,0,0,0,14,14,0.6363636363636364,0,0,14.0,14.0,0,0.0,0,0.0
72,1,3,26,1,1,0,14,8,0.36363636363636365,0,0,9.17142857142857,9.17142857142857,-6,-6.0,0,0.0
73,2,3,26,2,1,1,14,9,0.4090909090909091,0,0,10.149253731343284,9.64963503649635,1,-2.5,0,0.0
74,9,3,26,3,1,1,14,11,0.5,0,0,9.0,9.631205673758865,2,-1.0,1,4.0
75,0,3,26,4,1,0,14,20,0.9090909090909091,0,1,19.347826086956523,12.823809523809524,9,1.5,7,5.0
76,0,3,26,5,1,1,14,20,0.9090909090909091,0,1,20.0,14.47985347985348,0,1.2,-9,1.5
77,-1,3,27,0,0,0,5,5,0.22727272727272727,1,0,5.0,5.0,0,0.0,0,0.0
78,9,3,27,1,1,0,5,4,0.18181818181818182,1,0,6.671052631578948,6.671052631578948,-1,-1.0,0,0.0
79,-1,3,27,2,1,1,5,13,0.5909090909090909,0,0,13.23076923076923,9.695035460992909,9,4.0,0,0.0
80,-2,3,27,3,1,0,5,12,0.5454545454545454,0,0,12.064102564102564,10.538812785388128,-1,2.3333333333333335,-10,0.0
81,0,3,27,4,1,1,5,10,0.45454545454545453,0,0,10.753424657534246,10.592465753424657,-2,1.25,-1,-0.3333333333333333
82,1,3,28,0,0,0,3,3,0.13636363636363635,1,0,3.0,3.0,0,0.0,0,0.0
83,2,3,28,1,1,0,3,4,0.18181818181818182,1,0,3.4571428571428573,3.4571428571428573,1,1.0,0,0.0
84,1,3,28,2,1,1,3,6,0.2727272727272727,0,0,5.666666666666667,4.577464788732394,2,1.5,0,0.0
85,0,3,28,3,1,0,3,7,0.3181818181818182,0,0,7.453333333333333,5.571428571428571,1,1.3333333333333333,-1,0.0
86,6,3,28,4,1,0,3,7,0.3181818181818182,0,0,7.0,5.577981651376147,0,1.0,-1,-0.3333333333333333
87,3,3,28,5,1,0,3,13,0.5909090909090909,0,0,12.714285714285714,6.887640449438202,6,2.0,6,1.25
88,0,3,28,6,1,0,3,16,0.7272727272727273,0,0,14.88888888888889,7.148550724637682,3,2.1666666666666665,-3,0.4
89,3,3,28,7,1,1,3,16,0.7272727272727273,0,0,16.0,7.243727598566308,0,1.8571428571428572,-3,-0.16666666666666666
90,-4,3,30,0,0,0,10,10,0.45454545454545453,0,0,10.0,10.0,0,0.0,0,0.0
91,-2,3,30,1,1,0,10,6,0.2727272727272727,0,0,9.619718309859154,9.619718309859154,-4,-4.0,0,0.0
92,-2,3,30,2,1,1,10,4,0.18181818181818182,1,0,5.880597014925373,7.804347826086956,-2,-3.0,0,0.0
93,1,3,30,3,1,0,10,2,0.09090909090909091,1,0,3.2857142857142856,6.094594594594595,-2,-2.6666666666666665,0,1.0
94,-14,3,59,0,0,0,21,21,0.9545454545454546,0,1,21.0,21.0,0,0.0,0,0.0
95,11,3,59,1,1,0,21,7,0.3181818181818182,0,0,17.875,17.875,-14,-14.0,0,0.0
96,-2,3,59,2,1,1,21,18,0.8181818181818182,0,1,17.283333333333335,17.62142857142857,11,-1.5,0,0.0
97,-1,3,59,3,1,0,21,16,0.7272727272727273,0,0,16.44776119402985,17.241545893719806,-2,-1.6666666666666667,-13,6.0
98,0,3,59,4,1,1,21,15,0.6818181818181818,0,0,16.0875,16.9198606271777,-1,-1.5,1,4.333333333333333
99,0,3,59,5,1,1,21,15,0.6818181818181818,0,0,15.0,16.913194444444443,0,-1.2,1,3.5
100,5,3,88,0,0,0,16,16,0.7272727272727273,0,0,16.0,16.0,0,0.0,0,0.0
101,0,3,88,1,1,0,16,21,0.9545454545454546,0,1,20.4375,20.4375,5,5.0,0,0.0
102,0,3,88,2,1,0,16,21,0.9545454545454546,0,1,21.0,20.526315789473685,0,2.5,0,0.0
103,0,3,88,3,1,0,16,21,0.9545454545454546,0,1,21.0,20.53125,0,1.6666666666666667,0,-2.5
104,-6,3,98,0,0,0,19,19,0.8636363636363636,0,1,19.0,19.0,0,0.0,0,0.0
105,2,3,98,1,1,0,19,13,0.5909090909090909,0,0,16.929577464788732,16.929577464788732,-6,-6.0,0,0.0
106,-1,3,98,2,1,1,19,15,0.6818181818181818,0,0,14.797101449275363,15.878571428571428,2,-2.0,0,0.0
107,2,3,98,3,1,0,19,14,0.6363636363636364,0,0,16.261904761904763,16.022321428571427,-1,-1.6666666666666667,-3,2.5
108,0,3,98,4,1,1,19,16,0.7272727272727273,0,0,16.746031746031747,16.181184668989548,2,-0.75,3,2.6666666666666665
0,1,4,1,0,0,0,2,2,0.09090909090909091,1,0,2.0,2.0,0,0.0,0,0.0
1,0,4,1,1,1,1,2,3,0.13636363636363635,1,0,2.75,2.75,1,1.0,0,0.0
2,0,4,1,2,1,0,2,3,0.13636363636363635,1,0,3.032258064516129,3.0,0,0.5,0,0.0
3,1,4,1,3,1,0,2,3,0.13636363636363635,1,0,3.3,3.1384615384615384,0,0.3333333333333333,0,-0.5
4,2,4,1,4,1,0,2,4,0.18181818181818182,1,0,5.0,3.7653061224489797,1,0.5,1,0.0
5,-1,4,1,5,1,0,2,6,0.2727272727272727,0,0,5.71875,4.246153846153846,2,0.8,1,0.25
6,0,4,1,6,1,0,2,5,0.22727272727272727,1,0,5.03125,4.401234567901234,-1,0.5,-3,-0.4
7,-2,4,4,0,0,0,20,20,0.9090909090909091,0,1,20.0,20.0,0,0.0,0,0.0
8,-9,4,4,1,1,1,20,18,0.8181818181818182,0,1,18.5,18.5,-2,-2.0,0,0.0
9,0,4,4,2,1,0,20,9,0.4090909090909091,0,0,10.571428571428571,11.5625,-9,-5.5,0,0.0
10,1,4,4,3,1,0,20,9,0.4090909090909091,0,0,9.733333333333333,10.67741935483871,0,-3.6666666666666665,9,1.0
11,0,4,4,4,1,0,20,10,0.45454545454545453,0,0,10.0625,10.46808510638298,1,-2.5,1,1.0
12,0,4,4,5,1,0,20,10,0.45454545454545453,0,0,10.096774193548388,10.376,0,-2.0,-1,0.5
13,1,4,4,6,1,0,20,10,0.45454545454545453,0,0,10.1875,10.337579617834395,0,-1.6666666666666667,0,0.4
14,0,4,4,7,1,0,20,11,0.5,0,0,10.826086956521738,10.4,1,-1.2857142857142858,1,0.5
15,0,4,5,0,0,0,9,9,0.4090909090909091,0,0,9.0,9.0,0,0.0,0,0.0
16,0,4,6,0,0,0,6,6,0.2727272727272727,0,0,6.0,6.0,0,0.0,0,0.0
17,-1,4,9,0,0,0,13,13,0.5909090909090909,0,0,13.0,13.0,0,0.0,0,0.0
18,0,4,9,1,1,1,13,12,0.5454545454545454,0,0,13.0,13.0,-1,-1.0,0,0.0
19,-5,4,9,2,1,1,13,12,0.5454545454545454,0,0,12.0,12.666666666666666,0,-0.5,0,0.0
20,1,4,9,3,1,0,13,7,0.3181818181818182,0,0,8.28125,8.973684210526315,-5,-2.0,-5,-2.0
21,-5,4,9,4,1,0,13,8,0.36363636363636365,0,0,6.961538461538462,8.15625,1,-1.25,6,0.6666666666666666
22,0,4,9,5,1,0,13,3,0.13636363636363635,1,0,4.852941176470588,7.010204081632653,-5,-2.0,-6,-1.0
23,0,4,9,6,1,0,13,3,0.13636363636363635,1,0,3.9411764705882355,6.21969696969697,0,-1.6666666666666667,5,0.2
24,0,4,9,7,1,0,13,3,0.13636363636363635,1,0,3.0,5.575757575757576,0,-1.4285714285714286,0,0.16666666666666666
25,2,4,10,0,0,0,12,12,0.5454545454545454,0,0,12.0,12.0,0,0.0,0,0.0
26,0,4,10,1,1,1,12,14,0.6363636363636364,0,0,12.0,12.0,2,2.0,0,0.0
27,0,4,10,2,1,1,12,14,0.6363636363636364,0,0,14.0,12.666666666666666,0,1.0,0,0.0
28,0,4,10,3,1,0,12,14,0.6363636363636364,0,0,13.470588235294118,13.35,0,0.6666666666666666,0,-1.0
29,0,4,10,4,1,0,12,14,0.6363636363636364,0,0,14.0,13.623188405797102,0,0.5,0,-0.6666666666666666
30,-1,4,10,5,1,0,12,14,0.6363636363636364,0,0,13.833333333333334,13.67741935483871,0,0.4,0,-0.5
31,-1,4,10,6,1,0,12,13,0.5909090909090909,0,0,13.342857142857143,13.5859375,-1,0.16666666666666666,-1,-0.6
32,0,4,10,7,1,0,12,12,0.5454545454545454,0,0,12.323529411764707,13.320987654320987,-1,0.0,0,-0.5
33,0,4,12,0,0,0,1,1,0.045454545454545456,1,0,1.0,1.0,0,0.0,0,0.0
34,1,4,12,1,1,1,1,1,0.045454545454545456,1,0,1.0,1.0,0,0.0,0,0.0
35,0,4,12,2,1,0,1,2,0.09090909090909091,1,0,1.903225806451613,1.8,1,0.5,0,0.0
36,0,4,12,3,1,0,1,2,0.09090909090909091,1,0,2.212121212121212,2.0,0,0.3333333333333333,-1,0.0
37,0,4,12,4,1,0,1,2,0.09090909090909091,1,0,1.96875,1.99,0,0.25,0,0.0
38,0,4,12,5,1,0,1,2,0.09090909090909091,1,0,2.0,1.9924812030075187,0,0.2,0,0.0
39,0,4,12,6,1,0,1,2,0.09090909090909091,1,0,1.8529411764705883,1.964071856287425,0,0.16666666666666666,0,0.0
40,2,4,14,0,0,0,14,14,0.6363636363636364,0,0,14.0,14.0,0,0.0,0,0.0
41,-8,4,14,1,1,1,14,16,0.7272727272727273,0,0,14.0,14.0,2,2.0,0,0.0
42,8,4,14,2,1,0,14,8,0.36363636363636365,0,0,12.5,13.0,-8,-3.0,0,0.0
43,1,4,15,0,0,0,18,18,0.8181818181818182,0,1,18.0,18.0,0,0.0,0,0.0
44,0,4,15,1,1,1,18,19,0.8636363636363636,0,1,18.0,18.0,1,1.0,0,0.0
45,2,4,15,2,1,1,18,19,0.8636363636363636,0,1,19.0,18.666666666666668,0,0.5,0,0.0
46,-6,4,15,3,1,0,18,21,0.9545454545454546,0,1,19.0,18.833333333333332,2,1.0,2,0.5
47,0,4,15,4,1,0,18,15,0.6818181818181818,0,0,15.5,16.055555555555557,-6,-0.75,-8,-2.3333333333333335
48,0,4,15,5,1,0,18,15,0.6818181818181818,0,0,15.0,15.55072463768116,0,-0.6,6,-0.25
49,0,4,15,6,1,0,18,15,0.6818181818181818,0,0,15.0,15.368932038834952,0,-0.5,0,-0.2
50,-1,4,15,7,1,0,18,15,0.6818181818181818,0,0,15.0,15.279411764705882,0,-0.42857142857142855,0,-0.16666666666666666
51,0,4,15,8,1,0,18,14,0.6363636363636364,0,0,14.794117647058824,15.18235294117647,-1,-0.5,-1,-0.2857142857142857
52,0,4,18,0,0,0,8,8,0.36363636363636365,0,0,8.0,8.0,0,0.0,0,0.0
53,-2,4,18,1,1,1,8,8,0.36363636363636365,0,0,8.0,8.0,0,0.0,0,0.0
54,-2,4,18,2,1,0,8,6,0.2727272727272727,0,0,6.161290322580645,6.371428571428571,-2,-1.0,0,0.0
55,1,4,18,3,1,0,8,4,0.18181818181818182,1,0,5.451612903225806,5.9393939393939394,-2,-1.3333333333333333,0,-1.0
56,-1,4,18,4,1,0,8,5,0.22727272727272727,1,0,5.771428571428571,5.881188118811881,1,-0.75,3,0.3333333333333333
57,0,4,18,5,1,0,8,4,0.18181818181818182,1,0,4.709677419354839,5.606060606060606,-1,-0.8,-2,-0.25
58,0,4,18,6,1,0,8,4,0.18181818181818182,1,0,4.0,5.27710843373494,0,-0.6666666666666666,1,0.0
59,-4,4,19,0,0,0,17,17,0.7727272727272727,0,1,17.0,17.0,0,0.0,0,0.0
60,0,4,20,0,0,0,15,15,0.6818181818181818,0,0,15.0,15.0,0,0.0,0,0.0
61,2,4,20,1,1,1,15,15,0.6818181818181818,0,0,15.0,15.0,0,0.0,0,0.0
62,-10,4,20,2,1,1,15,17,0.7727272727272727,0,1,15.0,15.0,2,1.0,0,0.0
63,-1,4,20,3,1,0,15,7,0.3181818181818182,0,0,8.3125,9.055555555555555,-10,-2.6666666666666665,-12,-5.0
64,3,4,20,4,1,0,15,6,0.2727272727272727,0,0,6.733333333333333,8.0,-1,-2.25,9,-0.3333333333333333
65,0,4,20,5,1,0,15,9,0.4090909090909091,0,0,8.407407407407407,8.118279569892474,3,-1.2,4,0.75
66,0,4,20,6,1,0,15,9,0.4090909090909091,0,0,9.21875,8.4,0,-1.0,-3,0.0
67,1,4,20,7,1,0,15,9,0.4090909090909091,0,0,9.17142857142857,8.56875,0,-0.8571428571428571,0,0.0
68,1,4,21,0,0,0,16,16,0.7272727272727273,0,0,16.0,16.0,0,0.0,0,0.0
69,-1,4,21,1,1,0,16,17,0.7727272727272727,0,1,19.23076923076923,19.23076923076923,1,1.0,0,0.0
70,0,4,22,0,0,0,5,5,0.22727272727272727,1,0,5.0,5.0,0,0.0,0,0.0
71,0,4,22,1,1,1,5,5,0.22727272727272727,1,0,5.0,5.0,0,0.0,0,0.0
72,4,4,22,2,1,1,5,5,0.22727272727272727,1,0,5.0,5.0,0,0.0,0,0.0
73,-1,4,22,3,1,0,5,9,0.4090909090909091,0,0,9.366666666666667,8.63888888888889,4,1.3333333333333333,4,2.0
74,0,4,22,4,1,0,5,8,0.36363636363636365,0,0,9.612903225806452,9.08955223880597,-1,0.75,-5,-0.3333333333333333
75,0,4,22,5,1,0,5,8,0.36363636363636365,0,0,7.607142857142857,8.652631578947368,0,0.6,1,0.0
76,0,4,22,6,1,0,5,8,0.36363636363636365,0,0,8.064516129032258,8.507936507936508,0,0.5,0,0.0
77,0,4,22,7,1,0,5,8,0.36363636363636365,0,0,8.114285714285714,8.422360248447205,0,0.42857142857142855,0,0.0
78,-4,4,23,0,0,0,19,19,0.8636363636363636,0,1,19.0,19.0,0,0.0,0,0.0
79,0,4,23,1,1,1,19,15,0.6818181818181818,0,0,17.5,17.5,-4,-4.0,0,0.0
80,-5,4,23,2,1,1,19,15,0.6818181818181818,0,0,15.0,16.666666666666668,0,-2.0,0,0.0
81,-1,4,23,3,1,0,19,10,0.45454545454545453,0,0,11.612903225806452,12.432432432432432,-5,-3.0,-5,-0.5
82,0,4,23,4,1,0,19,9,0.4090909090909091,0,0,10.233333333333333,11.447761194029852,-1,-2.5,4,1.0
83,0,4,23,5,1,0,19,9,0.4090909090909091,0,0,10.387096774193548,11.112244897959183,0,-2.0,1,1.0
84,1,4,23,6,1,0,19,9,0.4090909090909091,0,0,10.375,10.930769230769231,0,-1.6666666666666667,0,0.8
85,-1,4,23,7,1,0,19,10,0.45454545454545453,0,0,10.424242424242424,10.828220858895705,1,-1.2857142857142858,1,0.8333333333333334
86,0,4,26,0,0,0,7,7,0.3181818181818182,0,0,7.0,7.0,0,0.0,0,0.0
87,-3,4,26,1,1,1,7,7,0.3181818181818182,0,0,7.0,7.0,0,0.0,0,0.0
88,1,4,26,2,1,0,7,4,0.18181818181818182,1,0,4.419354838709677,4.714285714285714,-3,-1.5,0,0.0
89,2,4,26,3,1,0,7,5,0.22727272727272727,1,0,4.419354838709677,4.575757575757576,1,-0.6666666666666666,4,0.5
90,0,4,26,4,1,0,7,7,0.3181818181818182,0,0,6.633333333333334,5.21875,2,0.0,1,0.6666666666666666
91,-1,4,26,5,1,0,7,7,0.3181818181818182,0,0,7.0,5.684615384615385,0,0.0,-2,0.0
92,0,4,26,6,1,0,7,6,0.2727272727272727,0,0,6.666666666666667,5.883435582822086,-1,-0.16666666666666666,-1,-0.2
93,-1,4,27,0,0,0,3,3,0.13636363636363635,1,0,3.0,3.0,0,0.0,0,0.0
94,-1,4,27,1,1,1,3,2,0.09090909090909091,1,0,2.25,2.25,-1,-1.0,0,0.0
95,0,4,27,2,1,0,3,1,0.045454545454545456,1,0,1.1,1.2352941176470589,-1,-1.0,0,0.0
96,0,4,27,3,1,0,3,1,0.045454545454545456,1,0,1.4545454545454546,1.3432835820895523,0,-0.6666666666666666,1,0.5
97,0,4,27,4,1,0,3,1,0.045454545454545456,1,0,1.0303030303030303,1.24,0,-0.5,0,0.3333333333333333
98,0,4,27,5,1,0,3,1,0.045454545454545456,1,0,1.0,1.1818181818181819,0,-0.4,0,0.25
99,0,4,27,6,1,0,3,1,0.045454545454545456,1,0,1.1515151515151516,1.1757575757575758,0,-0.3333333333333333,0,0.2
100,0,4,28,0,0,0,4,4,0.18181818181818182,1,0,4.0,4.0,0,0.0,0,0.0
101,0,4,30,0,0,0,10,10,0.45454545454545453,0,0,10.0,10.0,0,0.0,0,0.0
102,0,4,59,0,0,0,21,21,0.9545454545454546,0,1,21.0,21.0,0,0.0,0,0.0
103,0,4,59,1,1,1,21,21,0.9545454545454546,0,1,21.0,21.0,0,0.0,0,0.0
104,-9,4,59,2,1,1,21,21,0.9545454545454546,0,1,21.0,21.0,0,0.0,0,0.0
105,1,4,59,3,1,0,21,12,0.5454545454545454,0,0,13.78125,14.583333333333334,-9,-3.0,-9,-4.5
106,-1,4,59,4,1,0,21,13,0.5909090909090909,0,0,12.709677419354838,13.716417910447761,1,-2.0,10,0.3333333333333333
107,2,4,59,5,1,0,21,12,0.5454545454545454,0,0,12.096774193548388,13.204081632653061,-1,-1.8,-2,-0.25
108,-1,4,59,6,1,0,21,14,0.6363636363636364,0,0,13.65625,13.315384615384616,2,-1.1666666666666667,3,0.4
109,0,4,59,7,1,0,21,13,0.5909090909090909,0,0,13.9375,13.438271604938272,-1,-1.1428571428571428,-3,-0.16666666666666666
110,-2,4,88,0,0,0,22,22,1.0,0,1,22.0,22.0,0,0.0,0,0.0
111,0,4,88,1,1,1,22,20,0.9090909090909091,0,1,22.0,22.0,-2,-2.0,0,0.0
112,-1,4,88,2,1,1,22,20,0.9090909090909091,0,1,20.0,20.5,0,-1.0,0,0.0
113,-8,4,88,3,1,1,22,19,0.8636363636363636,0,1,20.0,20.333333333333332,-1,-1.0,-1,0.5
114,1,4,88,4,1,0,22,11,0.5,0,0,12.451612903225806,13.72972972972973,-8,-2.75,-7,-2.0
115,1,4,88,5,1,0,22,12,0.5454545454545454,0,0,11.466666666666667,12.716417910447761,1,-2.0,9,0.75
116,-1,4,88,6,1,0,22,13,0.5909090909090909,0,0,13.030303030303031,12.82,1,-1.5,0,0.6
117,1,4,88,7,1,0,22,12,0.5454545454545454,0,0,12.0625,12.636363636363637,-1,-1.4285714285714286,-2,0.16666666666666666
118,1,4,88,8,1,0,22,13,0.5909090909090909,0,0,12.807692307692308,12.664556962025317,1,-1.125,2,0.42857142857142855
119,0,4,98,0,0,0,11,11,0.5,0,0,11.0,11.0,0,0.0,0,0.0
120,-6,4,98,1,1,1,11,11,0.5,0,0,11.0,11.0,0,0.0,0,0.0
121,1,4,98,2,1,0,11,5,0.22727272727272727,1,0,6.233333333333333,6.794117647058823,-6,-3.0,0,0.0
122,-3,4,98,3,1,0,11,6,0.2727272727272727,0,0,6.5,6.661290322580645,1,-1.6666666666666667,7,0.5
123,0,4,98,4,1,0,11,3,0.13636363636363635,1,0,4.40625,5.8936170212765955,-3,-2.0,-4,-1.0
124,4,4,98,5,1,0,11,3,0.13636363636363635,1,0,3.727272727272727,5.330708661417323,0,-1.6,3,0.0
125,0,4,98,6,1,0,11,7,0.3181818181818182,0,0,6.0285714285714285,5.481481481481482,4,-0.6666666666666666,4,0.8
0,1,5,1,0,0,0,3,3,0.14285714285714285,1,0,3.0,3.0,0,0.0,0,0.0
1,0,5,1,1,1,0,3,4,0.19047619047619047,1,0,3.2363636363636363,3.2363636363636363,1,1.0,0,0.0
2,0,5,1,2,1,0,3,4,0.19047619047619047,1,0,4.344262295081967,3.8189655172413794,0,0.5,0,0.0
3,1,5,1,3,1,1,3,4,0.19047619047619047,1,0,5.491228070175438,4.369942196531792,0,0.3333333333333333,0,-0.5
4,2,5,1,4,1,0,3,5,0.23809523809523808,1,0,6.163934426229508,4.837606837606837,1,0.5,1,0.0
5,-1,5,4,0,0,0,18,18,0.8571428571428571,0,1,18.0,18.0,0,0.0,0,0.0
6,-1,5,4,1,1,0,18,17,0.8095238095238095,0,1,17.01851851851852,17.01851851851852,-1,-1.0,0,0.0
7,-2,5,4,2,1,0,18,16,0.7619047619047619,0,1,17.854545454545455,17.440366972477065,-1,-1.0,0,0.0
8,2,5,4,3,1,1,18,14,0.6666666666666666,0,0,16.87719298245614,17.246987951807228,-2,-1.3333333333333333,-1,-0.5
9,-2,5,4,4,1,1,18,16,0.7619047619047619,0,1,15.3,17.136363636363637,2,-0.5,4,1.0
10,2,5,4,5,1,0,18,14,0.6666666666666666,0,0,14.43939393939394,16.40082644628099,-2,-0.8,-4,-0.25
11,1,5,5,0,0,0,8,8,0.38095238095238093,0,0,8.0,8.0,0,0.0,0,0.0
12,0,5,5,1,1,0,8,9,0.42857142857142855,0,0,8.854545454545455,8.854545454545455,1,1.0,0,0.0
13,3,5,5,2,1,0,8,9,0.42857142857142855,0,0,10.131147540983607,9.525862068965518,0,0.5,0,0.0
14,-1,5,5,3,1,1,8,12,0.5714285714285714,0,0,14.278688524590164,11.163841807909604,3,1.3333333333333333,3,1.0
15,4,5,5,4,1,0,8,11,0.5238095238095238,0,0,11.088888888888889,11.14864864864865,-1,0.75,-4,-0.6666666666666666
16,0,5,9,0,0,0,1,1,0.047619047619047616,1,0,1.0,1.0,0,0.0,0,0.0
17,0,5,9,1,1,0,1,1,0.047619047619047616,1,0,1.0,1.0,0,0.0,0,0.0
18,1,5,9,2,1,0,1,1,0.047619047619047616,1,0,1.3166666666666667,1.1637931034482758,0,0.0,0,0.0
19,-1,5,9,3,1,1,1,2,0.09523809523809523,1,0,1.736842105263158,1.3526011560693643,1,0.3333333333333333,1,0.5
20,2,5,9,4,1,0,1,1,0.047619047619047616,1,0,2.0327868852459017,1.5299145299145298,-1,0.0,-2,-0.3333333333333333
21,-5,5,10,0,0,0,12,12,0.5714285714285714,0,0,12.0,12.0,0,0.0,0,0.0
22,0,5,10,1,1,0,12,7,0.3333333333333333,0,0,7.333333333333333,7.333333333333333,-5,-5.0,0,0.0
23,-2,5,10,2,1,0,12,7,0.3333333333333333,0,0,6.982758620689655,7.156521739130435,0,-2.5,0,0.0
24,-1,5,10,3,1,1,12,5,0.23809523809523808,1,0,6.637931034482759,6.982658959537572,-2,-2.3333333333333335,-2,1.5
25,4,5,10,4,1,0,12,4,0.19047619047619047,1,0,4.416666666666667,6.425339366515837,-1,-2.0,1,1.3333333333333333
26,-2,5,12,0,0,0,4,4,0.19047619047619047,1,0,4.0,4.0,0,0.0,0,0.0
27,0,5,12,1,1,0,4,2,0.09523809523809523,1,0,2.0344827586206895,2.0344827586206895,-2,-2.0,0,0.0
28,-1,5,12,2,1,0,4,2,0.09523809523809523,1,0,2.0,2.0172413793103448,0,-1.0,0,0.0
29,0,5,12,3,1,1,4,1,0.047619047619047616,1,0,2.6315789473684212,2.2196531791907512,-1,-1.0,-1,0.5
30,0,5,12,4,1,0,4,1,0.047619047619047616,1,0,1.0,1.9295154185022025,0,-0.75,1,0.6666666666666666
31,0,5,14,0,0,0,15,15,0.7142857142857143,0,0,15.0,15.0,0,0.0,0,0.0
32,-3,5,14,1,1,0,15,15,0.7142857142857143,0,0,14.415094339622641,14.415094339622641,0,0.0,0,0.0
33,-2,5,14,2,1,0,15,12,0.5714285714285714,0,0,12.87037037037037,13.63551401869159,-3,-1.5,0,0.0
34,2,5,14,3,1,0,15,10,0.47619047619047616,0,0,11.617021276595745,13.019480519480519,-2,-1.6666666666666667,1,-1.0
35,1,5,14,4,1,0,15,12,0.5714285714285714,0,0,13.88135593220339,13.258215962441314,2,-0.75,4,0.6666666666666666
36,0,5,15,0,0,0,7,7,0.3333333333333333,0,0,7.0,7.0,0,0.0,0,0.0
37,-4,5,15,1,1,0,7,7,0.3333333333333333,0,0,10.779661016949152,10.779661016949152,0,0.0,0,0.0
38,7,5,15,2,1,0,7,3,0.14285714285714285,1,0,11.806451612903226,11.305785123966942,-4,-2.0,0,0.0
39,0,5,15,3,1,1,7,10,0.47619047619047616,0,0,12.339285714285714,11.63276836158192,7,1.0,11,3.5
40,0,5,18,0,0,0,9,9,0.42857142857142855,0,0,9.0,9.0,0,0.0,0,0.0
41,0,5,19,0,0,0,21,21,1.0,0,1,21.0,21.0,0,0.0,0,0.0
42,-13,5,19,1,1,1,21,21,1.0,0,1,21.0,21.0,0,0.0,0,0.0
43,-4,5,19,2,1,0,21,8,0.38095238095238093,0,0,18.816666666666666,18.816666666666666,-13,-13.0,0,0.0
44,7,5,19,3,1,0,21,4,0.19047619047619047,1,0,15.245901639344263,17.016528925619834,-4,-8.5,0,0.0
45,0,5,19,4,1,1,21,11,0.5238095238095238,0,0,13.357142857142858,15.858757062146893,7,-3.3333333333333335,11,10.0
46,5,5,20,0,0,0,11,11,0.5238095238095238,0,0,11.0,11.0,0,0.0,0,0.0
47,0,5,20,1,1,0,11,16,0.7619047619047619,0,1,15.363636363636363,15.363636363636363,5,5.0,0,0.0
48,-5,5,20,2,1,0,11,16,0.7619047619047619,0,1,15.938775510204081,15.634615384615385,0,2.5,0,0.0
49,3,5,20,3,1,0,11,11,0.5238095238095238,0,0,13.69047619047619,15.075342465753424,-5,0.0,-5,-5.0
50,-2,5,20,4,1,0,11,14,0.6666666666666666,0,0,15.0,15.056701030927835,3,0.75,8,-0.6666666666666666
51,0,5,21,0,0,0,14,14,0.6666666666666666,0,0,14.0,14.0,0,0.0,0,0.0
52,-3,5,21,1,1,0,14,14,0.6666666666666666,0,0,14.071428571428571,14.071428571428571,0,0.0,0,0.0
53,-3,5,21,2,1,0,14,11,0.5238095238095238,0,0,13.76271186440678,13.91304347826087,-3,-1.5,0,0.0
54,-4,5,21,3,1,1,14,8,0.38095238095238093,0,0,11.5,13.067796610169491,-3,-2.0,0,-1.5
55,2,5,21,4,1,0,14,4,0.19047619047619047,1,0,6.839285714285714,11.570815450643776,-4,-2.5,-1,-1.3333333333333333
56,0,5,22,0,0,0,6,6,0.2857142857142857,0,0,6.0,6.0,0,0.0,0,0.0
57,-1,5,22,1,1,0,6,6,0.2857142857142857,0,0,5.875,5.875,0,0.0,0,0.0
58,2,5,22,2,1,0,6,5,0.23809523809523808,1,0,5.245614035087719,5.557522123893805,-1,-0.5,0,0.0
59,-5,5,22,3,1,1,6,7,0.3333333333333333,0,0,6.8,5.988439306358382,2,0.3333333333333333,3,1.0
60,2,5,22,4,1,0,6,2,0.09523809523809523,1,0,5.433333333333334,5.84549356223176,-5,-1.0,-7,-1.6666666666666667
61,1,5,23,0,0,0,17,17,0.8095238095238095,0,1,17.0,17.0,0,0.0,0,0.0
62,1,5,23,1,1,0,17,18,0.8571428571428571,0,1,17.98,17.98,1,1.0,0,0.0
63,-4,5,23,2,1,0,17,19,0.9047619047619048,0,1,19.03921568627451,18.514851485148515,1,1.0,0,0.0
64,4,5,23,3,1,0,17,15,0.7142857142857143,0,0,17.423076923076923,18.143790849673202,-4,-0.6666666666666666,-5,-2.5
65,1,5,23,4,1,1,17,19,0.9047619047619048,0,1,15.8,18.069620253164558,4,0.5,8,1.0
66,-1,5,23,5,1,1,17,20,0.9523809523809523,0,1,19.5,18.13855421686747,1,0.6,-3,0.0
67,0,5,23,6,1,0,17,19,0.9047619047619048,0,1,19.105263157894736,18.385650224215247,-1,0.3333333333333333,-2,-0.4
68,-6,5,26,0,0,0,16,16,0.7619047619047619,0,1,16.0,16.0,0,0.0,0,0.0
69,-2,5,26,1,1,0,16,10,0.47619047619047616,0,0,10.482142857142858,10.482142857142858,-6,-6.0,0,0.0
70,-2,5,26,2,1,0,16,8,0.38095238095238093,0,0,9.101694915254237,9.773913043478261,-2,-4.0,0,0.0
71,-3,5,26,3,1,1,16,6,0.2857142857142857,0,0,7.655172413793103,9.063583815028903,-2,-3.3333333333333335,0,2.0
72,2,5,26,4,1,0,16,3,0.14285714285714285,1,0,4.32258064516129,7.812765957446809,-3,-3.25,-1,1.0
73,1,5,27,0,0,0,2,2,0.09523809523809523,1,0,2.0,2.0,0,0.0,0,0.0
74,-1,5,27,1,1,0,2,3,0.14285714285714285,1,0,3.7017543859649122,3.7017543859649122,1,1.0,0,0.0
75,1,5,27,2,1,0,2,2,0.09523809523809523,1,0,3.064516129032258,3.369747899159664,-1,0.0,0,0.0
76,-1,5,27,3,1,1,2,3,0.14285714285714285,1,0,2.9814814814814814,3.2485549132947975,1,0.3333333333333333,2,0.0
77,0,5,28,0,0,0,5,5,0.23809523809523808,1,0,5.0,5.0,0,0.0,0,0.0
78,1,5,28,1,1,0,5,5,0.23809523809523808,1,0,5.254545454545455,5.254545454545455,0,0.0,0,0.0
79,-3,5,28,2,1,0,5,6,0.2857142857142857,0,0,6.298245614035087,5.785714285714286,1,0.5,0,0.0
80,0,5,28,3,1,1,5,3,0.14285714285714285,1,0,5.017857142857143,5.529761904761905,-3,-0.6666666666666666,-4,-1.5
81,16,5,28,4,1,1,5,3,0.14285714285714285,1,0,3.0,5.514792899408284,0,-0.5,3,0.0
82,-8,5,30,0,0,0,13,13,0.6190476190476191,0,0,13.0,13.0,0,0.0,0,0.0
83,-3,5,30,1,1,0,13,5,0.23809523809523808,1,0,12.25,12.25,-8,-8.0,0,0.0
84,7,5,30,2,1,0,13,2,0.09523809523809523,1,0,13.080645161290322,12.672131147540984,-3,-5.5,0,0.0
85,0,5,30,3,1,1,13,9,0.42857142857142855,0,0,11.163636363636364,12.203389830508474,7,-1.3333333333333333,10,7.5
86,0,5,59,0,0,0,20,20,0.9523809523809523,0,1,20.0,20.0,0,0.0,0,0.0
87,-1,5,59,1,1,1,20,20,0.9523809523809523,0,1,20.0,20.0,0,0.0,0,0.0
88,-2,5,59,2,1,0,20,19,0.9047619047619048,0,1,19.89090909090909,19.89090909090909,-1,-1.0,0,0.0
89,-2,5,59,3,1,0,20,17,0.8095238095238095,0,1,19.685185185185187,19.788990825688074,-2,-1.5,0,0.0
90,2,5,59,4,1,0,20,15,0.7142857142857143,0,0,18.09090909090909,19.21951219512195,-2,-1.6666666666666667,0,-0.5
91,0,5,59,5,1,0,20,17,0.8095238095238095,0,1,16.954545454545453,18.569565217391304,2,-0.75,4,1.0
92,-6,5,88,0,0,0,19,19,0.9047619047619048,0,1,19.0,19.0,0,0.0,0,0.0
93,-2,5,88,1,1,0,19,13,0.6190476190476191,0,0,13.547169811320755,13.547169811320755,-6,-6.0,0,0.0
94,0,5,88,2,1,0,19,11,0.5238095238095238,0,0,11.807692307692308,12.685714285714285,-2,-4.0,0,0.0
95,9,5,88,3,1,0,19,11,0.5238095238095238,0,0,11.0,12.654205607476635,0,-2.6666666666666665,2,3.0
96,-1,5,88,4,1,0,19,20,0.9523809523809523,0,1,19.60377358490566,14.95625,9,0.25,9,5.0
97,-1,5,88,5,1,1,19,19,0.9047619047619048,0,1,19.166666666666668,15.25,-1,0.0,-10,1.25
98,0,5,88,6,1,0,19,18,0.8571428571428571,0,1,18.01923076923077,15.892857142857142,-1,-0.16666666666666666,0,1.0
99,-2,5,98,0,0,0,10,10,0.47619047619047616,0,0,10.0,10.0,0,0.0,0,0.0
100,0,5,98,1,1,0,10,8,0.38095238095238093,0,0,7.773584905660377,7.773584905660377,-2,-2.0,0,0.0
101,0,5,98,2,1,0,10,8,0.38095238095238093,0,0,8.660714285714286,8.229357798165138,0,-1.0,0,0.0
102,5,5,98,3,1,0,10,8,0.38095238095238093,0,0,9.472727272727273,8.646341463414634,0,-0.6666666666666666,0,1.0
103,1,5,98,4,1,0,10,13,0.6190476190476191,0,0,14.021739130434783,9.823809523809524,5,0.75,5,2.3333333333333335
