,lap_distance,start_lap,caution_distance,eventid,car_number,stageid,pit_in_caution,yellowflag_raised,start_position,start_rank,end_rank
0,81,0,1,3,1,0,0,0,2,2,1
1,63,80,4,3,1,1,1,1,2,1,1
2,83,142,1,3,1,2,0,1,2,1,3
3,74,224,4,3,1,3,1,1,2,3,2
4,77,0,1,3,5,0,0,0,11,11,6
5,67,76,5,3,5,1,1,1,11,6,4
6,82,142,1,3,5,2,0,1,11,4,7
7,80,0,1,3,6,0,0,0,7,7,3
8,68,79,10,3,6,1,1,1,7,3,6
9,79,146,1,3,6,2,0,1,7,6,4
10,74,224,5,3,6,3,1,1,7,4,5
11,81,0,1,3,9,0,0,0,6,6,6
12,66,80,10,3,9,1,1,1,6,6,12
13,82,145,1,3,9,2,0,1,6,12,8
14,36,226,1,3,9,3,0,0,6,8,11
15,56,0,1,3,10,0,0,0,8,8,17
16,46,55,1,3,10,1,0,0,8,17,13
17,46,100,10,3,10,2,1,1,8,13,14
18,39,145,1,3,10,3,0,1,8,14,13
19,58,183,1,3,10,4,0,0,8,13,12
20,80,0,1,3,12,0,0,0,1,1,2
21,68,79,10,3,12,1,1,1,1,2,7
22,77,146,1,3,12,2,0,1,1,7,9
23,45,0,1,3,14,0,0,0,13,13,21
24,57,44,1,3,14,1,0,0,13,21,20
25,43,100,10,3,14,2,1,1,13,20,20
26,76,142,1,3,14,3,0,1,13,20,18
27,69,0,1,3,15,0,0,0,12,12,17
28,79,68,10,3,15,1,1,1,12,17,9
29,80,146,1,3,15,2,0,1,12,9,3
30,72,225,4,3,15,3,1,1,12,3,7
31,94,0,1,3,18,0,0,0,15,15,16
32,52,93,10,3,18,1,1,1,15,16,15
33,92,144,1,3,18,2,0,1,15,15,13
34,81,0,1,3,19,0,0,0,20,20,17
35,35,80,1,3,19,1,0,0,20,17,19
36,30,114,10,3,19,2,1,1,20,19,19
37,36,143,1,3,19,3,0,1,20,19,19
38,62,178,1,3,19,4,0,0,20,19,19
39,51,239,6,3,19,5,1,1,20,19,18
40,70,0,1,3,20,0,0,0,9,9,16
41,78,69,10,3,20,1,1,1,9,16,8
42,79,146,1,3,20,2,0,1,9,8,7
43,72,224,4,3,20,3,1,1,9,7,9
44,74,0,1,3,21,0,0,0,18,18,10
45,70,73,5,3,21,1,1,1,18,10,2
46,81,142,1,3,21,2,0,1,18,2,6
47,70,0,1,3,22,0,0,0,4,4,14
48,78,69,9,3,22,1,1,1,4,14,10
49,80,146,1,3,22,2,0,1,4,10,2
50,72,225,5,3,22,3,1,1,4,2,8
51,80,0,1,3,23,0,0,0,17,17,18
52,66,79,10,3,23,1,1,1,17,18,17
53,79,144,1,3,23,2,0,1,17,17,15
54,75,0,1,3,26,0,0,0,14,14,10
55,68,74,5,3,26,1,1,1,14,10,11
56,5,141,9,3,26,2,1,1,14,11,11
57,70,145,1,3,26,3,0,1,14,11,20
58,64,214,5,3,26,4,1,1,14,20,20
59,81,0,1,3,27,0,0,0,5,5,3
60,66,80,10,3,27,1,1,1,5,3,13
61,79,145,1,3,27,2,0,1,5,13,11
62,74,223,6,3,27,3,1,1,5,11,9
63,75,0,1,3,28,0,0,0,3,3,6
64,73,74,10,3,28,1,1,1,3,6,5
65,76,146,1,3,28,2,0,1,3,5,10
66,2,221,1,3,28,3,0,0,3,10,12
67,50,222,1,3,28,4,0,0,3,12,15
68,10,271,1,3,28,5,0,0,3,15,16
69,4,280,3,3,28,6,1,1,3,16,19
70,76,0,1,3,30,0,0,0,10,10,5
71,68,75,5,3,30,1,1,1,10,5,3
72,85,142,1,3,30,2,0,1,10,3,1
73,85,0,1,3,59,0,0,0,21,21,17
74,61,84,10,3,59,1,1,1,21,17,18
75,68,144,1,3,59,2,0,1,21,18,17
76,81,211,5,3,59,3,1,1,21,17,15
77,2,291,6,3,59,4,1,1,21,15,15
78,85,0,1,3,88,0,0,0,16,16,21
79,76,0,1,3,98,0,0,0,19,19,16
80,70,75,10,3,98,1,1,1,19,16,16
81,85,144,1,3,98,2,0,1,19,16,17
82,64,228,6,3,98,3,1,1,19,17,16
83,44,0,3,0,1,0,1,1,7,7,7
84,77,43,1,0,1,1,0,1,7,7,5
85,58,119,1,0,1,2,0,0,7,5,11
86,57,176,4,0,1,3,1,1,7,11,4
87,44,0,4,0,4,0,1,1,16,16,12
88,5,43,8,0,4,1,1,1,16,12,20
89,72,47,1,0,4,2,0,1,16,20,7
90,6,118,1,0,4,3,0,0,16,7,22
91,54,123,1,0,4,4,0,0,16,22,20
92,49,176,6,0,4,5,1,1,16,20,20
93,44,0,3,0,5,0,1,1,5,5,8
94,72,43,1,0,5,1,0,1,5,8,10
95,64,114,1,0,5,2,0,0,5,10,8
96,44,0,3,0,6,0,1,1,6,6,5
97,73,43,1,0,6,1,0,1,6,5,9
98,64,115,1,0,6,2,0,0,6,9,7
99,44,0,4,0,9,0,1,1,17,17,14
100,74,43,1,0,9,1,0,1,17,14,10
101,62,116,1,0,9,2,0,0,17,10,9
102,56,177,4,0,9,3,1,1,17,9,5
103,44,0,3,0,10,0,1,1,11,11,10
104,75,43,1,0,10,1,0,1,11,10,7
105,59,117,1,0,10,2,0,0,11,7,12
106,44,0,3,0,12,0,1,1,3,3,4
107,82,43,1,0,12,1,0,1,3,4,3
108,30,124,1,0,12,2,0,0,3,3,16
109,44,0,3,0,14,0,1,1,9,9,9
110,77,43,1,0,14,1,0,1,9,9,6
111,59,119,1,0,14,2,0,0,9,6,10
112,56,177,4,0,14,3,1,1,9,10,7
113,44,0,4,0,15,0,1,1,12,12,19
114,86,43,1,0,15,1,0,1,12,19,1
115,61,128,1,0,15,2,0,0,12,1,2
116,45,188,4,0,15,3,1,1,12,2,11
117,44,0,3,0,18,0,1,1,1,1,1
118,10,43,1,0,18,1,0,1,1,1,22
119,78,52,1,0,18,2,0,0,1,22,13
120,78,129,1,0,18,3,0,0,1,13,11
121,34,206,12,0,18,4,1,1,1,11,13
122,44,0,4,0,20,0,1,1,18,18,13
123,72,43,1,0,20,1,0,1,18,13,14
124,67,114,1,0,20,2,0,0,18,14,5
125,53,180,4,0,20,3,1,1,18,5,8
126,44,0,4,0,21,0,1,1,15,15,18
127,75,43,1,0,21,1,0,1,15,18,12
128,63,117,1,0,21,2,0,0,15,12,16
129,58,179,10,0,21,3,1,1,15,16,16
130,4,236,13,0,21,4,1,1,15,16,16
131,44,0,3,0,22,0,1,1,2,2,2
132,81,43,1,0,22,1,0,1,2,2,4
133,64,123,1,0,22,2,0,0,2,4,3
134,47,186,4,0,22,3,1,1,2,3,10
135,48,0,8,0,23,0,1,1,22,22,22
136,70,47,1,0,23,1,0,1,22,22,20
137,62,116,1,0,23,2,0,0,22,20,19
138,54,177,5,0,23,3,1,1,22,19,17
139,9,230,13,0,23,4,1,1,22,17,17
140,44,0,4,0,26,0,1,1,23,23,17
141,75,43,1,0,26,1,0,1,23,17,10
142,62,117,1,0,26,2,0,0,23,10,14
143,63,178,13,0,26,3,1,1,23,14,12
144,44,0,3,0,27,0,1,1,4,4,3
145,11,43,1,0,27,1,0,1,4,3,21
146,68,53,1,0,27,2,0,0,4,21,9
147,69,120,1,0,27,3,0,0,4,9,1
148,44,0,3,0,28,0,1,1,8,8,6
149,70,43,1,0,28,1,0,1,8,6,12
150,72,112,1,0,28,2,0,0,8,12,4
151,50,183,4,0,28,3,1,1,8,4,6
152,44,0,4,0,30,0,1,1,13,13,11
153,84,43,1,0,30,1,0,1,13,11,2
154,54,126,1,0,30,2,0,0,13,2,6
155,54,179,4,0,30,3,1,1,13,6,9
156,44,0,3,0,32,0,1,1,14,14,20
157,73,43,1,0,32,1,0,1,14,20,22
158,48,0,9,0,59,0,1,1,21,21,21
159,71,47,1,0,59,1,0,1,21,21,21
160,71,117,1,0,59,2,0,0,21,21,18
161,43,187,4,0,59,3,1,1,21,18,18
162,9,229,12,0,59,4,1,1,21,18,18
163,44,0,4,0,88,0,1,1,19,19,16
164,72,43,1,0,88,1,0,1,19,16,20
165,66,114,1,0,88,2,0,0,19,20,15
166,61,179,13,0,88,3,1,1,19,15,14
167,44,0,4,0,98,0,1,1,20,20,15
168,75,43,1,0,98,1,0,1,20,15,9
169,65,117,1,0,98,2,0,0,20,9,8
170,51,181,4,0,98,3,1,1,20,8,15
171,9,231,12,0,98,4,1,1,20,15,15
172,33,0,1,1,1,0,0,0,4,4,3
173,19,32,3,1,1,1,1,1,4,3,3
174,21,50,3,1,1,2,1,1,4,3,9
175,32,70,1,1,1,3,0,1,4,9,9
176,35,101,1,1,1,4,0,0,4,9,8
177,36,135,1,1,1,5,0,1,4,8,17
178,32,0,1,1,3,0,0,0,8,8,11
179,20,31,3,1,3,1,1,1,8,11,5
180,45,50,1,1,3,2,0,1,8,5,2
181,35,94,1,1,3,3,0,0,8,2,5
182,34,0,1,1,4,0,0,0,11,11,3
183,18,33,4,1,4,1,1,1,11,3,14
184,44,50,1,1,4,2,0,1,11,14,21
185,35,93,1,1,4,3,0,0,11,21,15
186,46,127,1,1,4,4,0,1,11,15,14
187,34,0,1,1,6,0,0,0,18,18,25
188,18,33,4,1,6,1,1,1,18,25,16
189,21,50,3,1,6,2,1,1,18,16,22
190,37,70,1,1,6,3,0,1,18,22,11
191,32,106,1,1,6,4,0,0,18,11,16
192,44,137,1,1,6,5,0,1,18,16,11
193,12,180,4,1,6,6,1,1,18,11,19
194,37,0,1,1,7,0,0,0,28,28,24
195,18,36,8,1,7,1,1,1,28,24,29
196,8,53,3,1,7,2,1,1,28,29,29
197,30,60,1,1,7,3,0,1,28,29,29
198,8,89,1,1,7,4,0,0,28,29,29
199,12,96,1,1,7,5,0,0,28,29,29
200,14,107,1,1,7,6,0,0,28,29,28
201,19,120,6,1,7,7,1,1,28,28,27
202,43,138,1,1,7,8,0,1,28,27,25
203,6,180,5,1,7,9,1,1,28,25,25
204,33,0,1,1,9,0,0,0,9,9,6
205,19,32,4,1,9,1,1,1,9,6,9
206,46,50,1,1,9,2,0,1,9,9,11
207,36,95,1,1,9,3,0,0,9,11,9
208,31,130,7,1,9,4,1,1,9,9,11
209,35,0,1,1,10,0,0,0,29,29,26
210,20,34,7,1,10,1,1,1,29,26,25
211,33,0,1,1,12,0,0,0,3,3,4
212,19,32,3,1,12,1,1,1,3,4,6
213,45,50,1,1,12,2,0,1,3,6,1
214,36,94,1,1,12,3,0,0,3,1,2
215,43,129,1,1,12,4,0,1,3,2,8
216,30,0,1,1,13,0,0,0,7,7,21
217,22,29,4,1,13,1,1,1,7,21,13
218,31,0,1,1,14,0,0,0,10,10,11
219,21,30,3,1,14,1,1,1,10,11,2
220,41,50,1,1,14,2,0,1,10,2,7
221,9,90,1,1,14,3,0,0,10,7,19
222,33,98,1,1,14,4,0,0,10,19,20
223,14,130,6,1,14,5,1,1,10,20,22
224,30,143,1,1,14,6,0,1,10,22,10
225,36,0,1,1,15,0,0,0,30,30,16
226,16,35,4,1,15,1,1,1,30,16,17
227,21,50,3,1,15,2,1,1,30,17,24
228,37,70,1,1,15,3,0,1,30,24,8
229,33,106,1,1,15,4,1,1,30,8,14
230,36,138,1,1,15,5,0,1,30,14,11
231,35,0,1,1,17,0,0,0,33,33,28
232,20,34,8,1,17,1,1,1,33,28,30
233,18,53,3,1,17,2,1,1,33,30,28
234,34,70,1,1,17,3,0,1,33,28,23
235,34,103,1,1,17,4,0,0,33,23,26
236,5,136,4,1,17,5,1,1,33,26,26
237,3,140,6,1,17,6,1,1,33,26,26
238,46,142,1,1,17,7,1,1,33,26,21
239,5,187,5,1,17,8,1,1,33,21,20
240,33,0,1,1,18,0,0,0,5,5,5
241,19,32,4,1,18,1,1,1,5,5,8
242,48,50,1,1,18,2,0,1,5,8,9
243,37,97,1,1,18,3,0,0,5,9,5
244,35,0,1,1,19,0,0,0,13,13,8
245,37,34,3,1,19,1,1,1,13,8,12
246,39,70,1,1,19,2,0,1,13,12,7
247,34,108,3,1,19,3,1,1,13,7,4
248,12,141,7,1,19,4,1,1,13,4,21
249,46,152,1,1,19,5,0,1,13,21,16
250,32,0,1,1,20,0,0,0,1,1,8
251,20,31,3,1,20,1,1,1,1,8,1
252,43,50,1,1,20,2,0,1,1,1,5
253,36,92,1,1,20,3,0,0,1,5,5
254,47,127,1,1,20,4,0,1,1,5,4
255,35,0,1,1,21,0,0,0,6,6,1
256,17,34,3,1,21,1,1,1,6,1,7
257,45,50,1,1,21,2,0,1,6,7,16
258,3,94,1,1,21,3,0,0,6,16,27
259,34,96,1,1,21,4,0,0,6,27,26
260,49,129,1,1,21,5,0,1,6,26,23
261,14,177,4,1,21,6,1,1,6,23,22
262,2,190,5,1,21,7,1,1,6,22,22
263,32,0,1,1,22,0,0,0,2,2,9
264,20,31,3,1,22,1,1,1,2,9,4
265,44,50,1,1,22,2,0,1,2,4,4
266,36,93,1,1,22,3,0,0,2,4,3
267,48,128,1,1,22,4,0,1,2,3,2
268,32,0,1,1,23,0,0,0,15,15,19
269,20,31,4,1,23,1,1,1,15,19,12
270,42,50,1,1,23,2,0,1,15,12,25
271,31,91,1,1,23,3,0,0,15,25,19
272,21,121,4,1,23,4,1,1,15,19,8
273,17,141,4,1,23,5,1,1,15,8,17
274,4,157,7,1,23,6,1,1,15,17,20
275,36,160,1,1,23,7,0,1,15,20,19
276,33,0,1,1,24,0,0,0,24,24,30
277,19,32,4,1,24,1,1,1,24,30,20
278,44,50,1,1,24,2,0,1,24,20,24
279,33,93,1,1,24,3,0,0,24,24,21
280,35,0,1,1,25,0,0,0,23,23,19
281,17,34,4,1,25,1,1,1,23,19,21
282,21,50,3,1,25,2,1,1,23,21,26
283,37,70,1,1,25,3,0,1,23,26,20
284,36,106,3,1,25,4,1,1,23,20,21
285,17,141,4,1,25,5,1,1,23,21,19
286,40,157,1,1,25,6,0,1,23,19,17
287,32,0,1,1,26,0,0,0,25,25,32
288,23,31,7,1,26,1,1,1,25,32,28
289,2,53,8,1,26,2,1,1,25,28,30
290,17,54,3,1,26,3,1,1,25,30,27
291,32,70,1,1,26,4,0,1,25,27,24
292,34,101,1,1,26,5,0,0,25,24,26
293,17,134,6,1,26,6,1,1,25,26,25
294,7,150,4,1,26,7,1,1,25,25,24
295,25,156,1,1,26,8,0,1,25,24,23
296,11,180,4,1,26,9,1,1,25,23,23
297,35,0,1,1,27,0,0,0,32,32,20
298,17,34,4,1,27,1,1,1,32,20,22
299,46,50,1,1,27,2,0,1,32,22,22
300,36,95,1,1,27,3,0,0,32,22,18
301,45,130,1,1,27,4,0,1,32,18,9
302,33,0,1,1,28,0,0,0,14,14,16
303,19,32,4,1,28,1,1,1,14,16,15
304,45,50,1,1,28,2,0,1,14,15,12
305,37,94,1,1,28,3,0,0,14,12,5
306,43,130,1,1,28,4,0,1,14,5,13
307,35,0,1,1,29,0,0,0,21,21,18
308,17,34,4,1,29,1,1,1,21,18,18
309,21,50,3,1,29,2,1,1,21,18,23
310,37,70,1,1,29,3,0,1,21,23,14
311,36,106,3,1,29,4,1,1,21,14,19
312,36,141,1,1,29,5,0,1,21,19,7
313,34,0,1,1,30,0,0,0,16,16,12
314,35,0,1,1,32,0,0,0,17,17,32
315,2,34,1,1,32,1,0,0,17,32,33
316,18,35,8,1,32,2,1,1,17,33,31
317,9,52,4,1,32,3,1,1,17,31,30
318,39,60,1,1,32,4,0,1,17,30,28
319,32,0,1,1,33,0,0,0,19,19,31
320,31,0,1,1,59,0,0,0,20,20,33
321,24,30,8,1,59,1,1,1,20,33,23
322,8,53,3,1,59,2,1,1,20,23,27
323,3,60,5,1,59,3,1,1,20,27,29
324,37,62,1,1,59,4,0,1,20,29,16
325,32,98,1,1,59,5,0,0,20,16,23
326,28,129,4,1,59,6,1,1,20,23,22
327,3,156,6,1,59,7,1,1,20,22,24
328,33,158,4,1,59,8,1,1,20,24,20
329,7,190,1,1,59,9,0,1,20,20,22
330,35,0,1,1,60,0,0,0,31,31,24
331,20,34,7,1,60,1,1,1,31,24,26
332,44,53,1,1,60,2,0,1,31,26,20
333,36,96,1,1,60,3,0,0,31,20,17
334,28,131,5,1,60,4,1,1,31,17,20
335,39,158,1,1,60,5,0,1,31,20,18
336,35,0,1,1,64,0,0,0,26,26,21
337,20,34,7,1,64,1,1,1,26,21,24
338,44,53,1,1,64,2,0,1,26,24,19
339,36,96,1,1,64,3,0,0,26,19,16
340,27,131,4,1,64,4,1,1,26,16,20
341,41,157,1,1,64,5,0,1,26,20,15
342,34,0,1,1,66,0,0,0,27,27,30
343,21,33,8,1,66,1,1,1,27,30,27
344,18,53,3,1,66,2,1,1,27,27,25
345,35,70,1,1,66,3,0,1,27,25,18
346,33,104,1,1,66,4,0,0,27,18,18
347,33,136,1,1,66,5,0,1,27,18,20
348,33,0,1,1,88,0,0,0,22,22,29
349,19,32,4,1,88,1,1,1,22,29,19
350,11,50,3,1,88,2,1,1,22,19,28
351,34,60,1,1,88,3,0,1,22,28,26
352,32,93,1,1,88,4,0,0,22,26,24
353,18,124,4,1,88,5,1,1,22,24,20
354,31,141,1,1,88,6,0,1,22,20,17
355,21,171,4,1,88,7,1,1,22,17,18
356,33,0,1,1,98,0,0,0,12,12,7
357,19,32,4,1,98,1,1,1,12,7,10
358,43,50,1,1,98,2,0,1,12,10,15
359,34,92,1,1,98,3,0,0,12,15,10
360,46,125,1,1,98,4,0,1,12,10,14
361,9,0,2,4,1,0,1,1,2,2,3
362,32,8,1,4,1,1,0,1,2,3,4
363,31,39,1,4,1,2,0,0,2,4,6
364,34,69,1,4,1,3,0,0,2,6,5
365,33,102,1,4,1,4,0,0,2,5,5
366,33,134,1,4,1,5,0,0,2,5,6
367,9,0,2,4,4,0,1,1,20,20,14
368,29,8,1,4,4,1,0,1,20,14,13
369,31,36,1,4,4,2,0,0,20,13,11
370,33,66,1,4,4,3,0,0,20,11,10
371,32,98,1,4,4,4,0,0,20,10,11
372,33,129,1,4,4,5,0,0,20,11,11
373,24,161,1,4,4,6,0,0,20,11,11
374,9,0,2,4,9,0,1,1,13,13,7
375,3,8,4,4,9,1,1,1,13,7,6
376,33,10,1,4,9,2,0,1,13,6,1
377,27,42,1,4,9,3,0,0,13,1,7
378,35,68,1,4,9,4,0,0,13,7,4
379,35,102,1,4,9,5,0,0,13,4,3
380,34,136,1,4,9,6,0,0,13,3,4
381,9,0,2,4,10,0,1,1,12,12,8
382,3,8,4,4,10,1,1,1,12,8,9
383,35,10,1,4,10,2,0,1,12,9,14
384,30,44,1,4,10,3,0,0,12,14,12
385,25,73,1,4,10,4,0,0,12,12,14
386,36,97,1,4,10,5,0,0,12,14,13
387,35,132,1,4,10,6,0,0,12,13,12
388,9,0,2,4,12,0,1,1,1,1,2
389,32,8,1,4,12,1,0,1,1,2,2
390,34,39,1,4,12,2,0,0,1,2,1
391,33,72,1,4,12,3,0,0,1,1,2
392,34,104,1,4,12,4,0,0,1,2,1
393,35,137,1,4,12,5,0,0,1,1,1
394,9,0,2,4,14,0,1,1,14,14,11
395,9,8,1,4,14,1,0,1,14,11,16
396,6,0,6,4,15,0,1,1,18,18,19
397,3,5,8,4,15,1,1,1,18,19,16
398,4,7,1,4,15,2,0,1,18,16,16
399,31,10,1,4,15,3,0,0,18,16,15
400,34,40,1,4,15,4,0,0,18,15,15
401,35,73,1,4,15,5,0,0,18,15,15
402,34,107,1,4,15,6,0,0,18,15,15
403,35,140,1,4,15,7,0,0,18,15,14
404,9,0,2,4,18,0,1,1,8,8,6
405,32,8,1,4,18,1,0,1,8,6,8
406,32,39,1,4,18,2,0,0,8,8,7
407,36,70,1,4,18,3,0,0,8,7,3
408,32,105,1,4,18,4,0,0,8,3,4
409,35,136,1,4,18,5,0,0,8,4,3
410,6,0,6,4,20,0,1,1,15,15,18
411,4,5,2,4,20,1,1,1,15,18,9
412,33,8,1,4,20,2,0,1,15,9,2
413,31,40,1,4,20,3,0,0,15,2,5
414,28,70,1,4,20,4,0,0,15,5,10
415,33,97,1,4,20,5,0,0,15,10,10
416,36,129,1,4,20,6,0,0,15,10,10
417,18,0,1,4,21,0,0,1,16,16,16
418,9,0,2,4,22,0,1,1,5,5,4
419,3,8,4,4,22,1,1,1,5,4,3
420,31,10,1,4,22,2,0,1,5,3,4
421,32,40,1,4,22,3,0,0,5,4,3
422,29,71,1,4,22,4,0,0,5,3,7
423,32,99,1,4,22,5,0,0,5,7,8
424,36,130,1,4,22,6,0,0,5,8,8
425,9,0,2,4,23,0,1,1,19,19,12
426,3,8,4,4,23,1,1,1,19,12,14
427,32,10,1,4,23,2,0,1,19,14,3
428,31,41,1,4,23,3,0,0,19,3,4
429,32,71,1,4,23,4,0,0,19,4,7
430,33,102,1,4,23,5,0,0,19,7,7
431,34,134,1,4,23,6,0,0,19,7,9
432,9,0,2,4,26,0,1,1,7,7,5
433,32,8,1,4,26,1,0,1,7,5,5
434,32,39,1,4,26,2,0,0,7,5,4
435,31,70,1,4,26,3,0,0,7,4,6
436,35,100,1,4,26,4,0,0,7,6,6
437,34,134,1,4,26,5,0,0,7,6,5
438,9,0,2,4,27,0,1,1,3,3,1
439,31,8,1,4,27,1,0,1,3,1,2
440,34,38,1,4,27,2,0,0,3,2,1
441,34,71,1,4,27,3,0,0,3,1,1
442,33,104,1,4,27,4,0,0,3,1,2
443,34,136,1,4,27,5,0,0,3,2,2
444,6,0,6,4,59,0,1,1,21,21,21
445,4,5,2,4,59,1,1,1,21,21,15
446,33,8,1,4,59,2,0,1,21,15,9
447,32,40,1,4,59,3,0,0,21,9,12
448,32,71,1,4,59,4,0,0,21,12,13
449,33,102,1,4,59,5,0,0,21,13,13
450,33,134,1,4,59,6,0,0,21,13,13
451,6,0,6,4,88,0,1,1,22,22,20
452,4,5,2,4,88,1,1,1,22,20,13
453,3,8,4,4,88,2,1,1,22,13,15
454,32,10,1,4,88,3,0,1,22,15,6
455,31,41,1,4,88,4,0,0,22,6,13
456,34,71,1,4,88,5,0,0,22,13,12
457,33,104,1,4,88,6,0,0,22,12,12
458,27,136,1,4,88,7,0,0,22,12,14
459,9,0,2,4,98,0,1,1,11,11,10
460,31,8,1,4,98,1,0,1,11,10,8
461,29,38,1,4,98,2,0,0,11,8,8
462,33,66,1,4,98,3,0,0,11,8,6
463,34,98,1,4,98,4,0,0,11,6,7
464,36,131,1,4,98,5,0,0,11,7,7
465,60,0,1,5,1,0,0,1,3,3,9
466,62,59,1,5,1,1,0,0,3,9,3
467,58,120,6,5,1,2,1,1,3,3,3
468,62,177,1,5,1,3,0,1,3,3,3
469,58,0,1,5,98,0,0,1,10,10,15
470,57,57,1,5,98,1,0,0,10,15,12
471,56,113,1,5,98,2,0,0,10,12,9
472,47,168,1,5,98,3,0,1,10,9,14
473,5,0,4,5,59,0,1,1,20,20,19
474,56,4,1,5,59,1,0,1,20,19,18
475,55,59,1,5,59,2,0,0,20,18,18
476,56,113,1,5,59,3,0,0,20,18,18
477,67,168,1,5,59,4,0,1,20,18,17
478,59,0,1,5,4,0,0,1,18,18,17
479,56,58,1,5,4,1,0,0,18,17,15
480,58,113,1,5,4,2,1,1,18,15,17
481,11,170,11,5,4,3,1,1,18,17,16
482,67,180,1,5,4,4,0,1,18,16,16
483,60,0,1,5,5,0,0,1,8,8,13
484,62,59,1,5,5,1,0,0,8,13,8
485,62,120,11,5,5,2,1,1,8,8,9
486,46,181,1,5,5,3,0,1,8,9,11
487,61,0,1,5,9,0,0,1,1,1,7
488,61,60,1,5,9,1,0,0,1,7,4
489,58,120,6,5,9,2,1,1,1,4,7
490,62,177,1,5,9,3,0,1,1,7,2
491,62,0,1,5,10,0,0,1,12,12,5
492,59,61,1,5,10,1,0,0,12,5,5
493,59,119,6,5,10,2,1,1,12,5,4
494,49,177,1,5,10,3,0,1,12,4,8
495,63,0,1,5,12,0,0,1,4,4,1
496,59,62,1,5,12,1,0,0,4,1,2
497,58,120,5,5,12,2,1,1,4,2,1
498,55,177,1,5,12,3,0,1,4,1,3
499,58,0,1,5,14,0,0,1,15,15,19
500,55,57,1,5,14,1,0,0,15,19,17
501,48,111,1,5,14,2,0,0,15,17,14
502,60,158,1,5,14,3,0,1,15,14,14
503,64,0,1,5,15,0,0,1,7,7,7
504,63,63,1,5,15,1,0,0,7,7,11
505,57,125,11,5,15,2,1,1,7,11,11
506,5,0,4,5,19,0,1,1,21,21,20
507,61,4,1,5,19,1,0,1,21,20,12
508,62,64,1,5,19,2,0,0,21,12,12
509,57,125,11,5,19,3,1,1,21,12,12
510,60,0,1,5,20,0,0,1,11,11,14
511,50,59,1,5,20,1,0,0,11,14,19
512,43,108,1,5,20,2,0,0,11,19,17
513,49,150,1,5,20,3,0,1,11,17,16
514,61,0,1,5,21,0,0,1,14,14,12
515,60,60,1,5,21,1,0,0,14,12,13
516,63,119,11,5,21,2,1,1,14,13,10
517,57,181,1,5,21,3,0,1,14,10,7
518,61,0,1,5,22,0,0,1,6,6,6
519,58,60,1,5,22,1,0,0,6,6,7
520,61,117,6,5,22,2,1,1,6,7,6
521,61,177,1,5,22,3,0,1,6,6,4
522,55,0,1,5,23,0,0,1,17,17,20
523,52,54,1,5,23,1,0,0,17,20,20
524,53,105,1,5,23,2,0,0,17,20,19
525,6,157,1,5,23,3,1,1,17,19,20
526,9,162,9,5,23,4,1,1,17,20,20
527,58,170,1,5,23,5,0,1,17,20,19
528,58,0,1,5,88,0,0,1,19,19,18
529,53,57,1,5,88,1,0,0,19,18,18
530,3,109,1,5,88,2,0,0,19,18,20
531,54,111,1,5,88,3,0,0,19,20,19
532,13,164,11,5,88,4,1,1,19,19,18
533,53,176,1,5,88,5,0,1,19,18,18
534,61,0,1,5,26,0,0,1,16,16,9
535,60,60,1,5,26,1,0,0,16,9,6
536,59,119,6,5,26,2,1,1,16,6,5
537,63,177,1,5,26,3,0,1,16,5,1
538,62,0,1,5,27,0,0,1,2,2,2
539,63,61,1,5,27,1,0,0,2,2,1
540,55,123,6,5,27,2,1,1,2,1,2
541,60,0,1,5,28,0,0,1,5,5,11
542,58,59,1,5,28,1,0,0,5,11,8
543,57,116,1,5,28,2,1,1,5,8,17
544,2,172,2,5,28,3,1,1,5,17,19
545,65,0,1,5,30,0,0,1,13,13,1
546,63,64,1,5,30,1,0,0,13,1,4
547,56,126,11,5,30,2,1,1,13,4,8
548,61,0,1,2,1,0,0,1,1,1,14
549,38,60,1,2,1,1,0,0,1,14,15
550,47,97,1,2,1,2,0,0,1,15,13
551,39,143,12,2,1,3,1,1,1,13,11
552,33,181,11,2,1,4,1,1,1,11,8
553,14,213,1,2,1,5,0,1,1,8,10
554,6,226,1,2,1,6,0,0,1,10,13
555,69,0,1,2,5,0,0,1,15,15,3
556,60,68,1,2,5,1,0,0,15,3,3
557,51,127,6,2,5,2,1,1,15,3,3
558,33,177,6,2,5,3,1,1,15,3,4
559,68,0,1,2,6,0,0,1,4,4,4
560,60,67,1,2,6,1,0,0,4,4,2
561,67,0,1,2,9,0,0,1,7,7,5
562,58,66,1,2,9,1,0,0,7,5,4
563,55,123,5,2,9,2,1,1,7,4,1
564,33,177,5,2,9,3,1,1,7,1,1
565,10,0,3,2,10,0,1,1,13,13,20
566,63,9,1,2,10,1,0,1,13,20,2
567,59,71,1,2,10,2,0,0,13,2,1
568,54,129,12,2,10,3,1,1,13,1,9
569,22,182,1,2,10,4,0,1,13,9,9
570,11,203,10,2,10,5,1,1,13,9,7
571,64,0,1,2,12,0,0,1,3,3,11
572,57,63,1,2,12,1,0,0,3,11,9
573,64,119,11,2,12,2,1,1,3,9,6
574,28,0,1,2,14,0,0,1,6,6,21
575,5,27,1,2,14,1,0,0,6,21,21
576,10,0,3,2,15,0,1,1,20,20,19
577,63,9,1,2,15,1,0,1,20,19,1
578,58,71,1,2,15,2,0,0,20,1,1
579,55,128,12,2,15,3,1,1,20,1,7
580,28,182,6,2,15,4,1,1,20,7,6
581,53,0,1,2,18,0,0,1,5,5,18
582,55,52,1,2,18,1,0,0,5,18,14
583,61,106,1,2,18,2,0,0,5,14,10
584,16,166,12,2,18,3,1,1,5,10,12
585,33,181,11,2,18,4,1,1,5,12,10
586,65,0,1,2,19,0,0,1,21,21,10
587,58,64,1,2,19,1,0,0,21,10,9
588,62,121,12,2,19,2,1,1,21,9,8
589,24,182,2,2,19,3,1,1,21,8,10
590,63,0,1,2,20,0,0,1,14,14,13
591,58,62,1,2,20,1,0,0,14,13,11
592,40,119,1,2,20,2,0,0,14,11,12
593,10,0,3,2,21,0,1,1,18,18,21
594,63,9,1,2,21,1,0,1,18,21,15
595,59,71,1,2,21,2,0,0,18,15,16
596,52,129,11,2,21,3,1,1,18,16,14
597,33,180,11,2,21,4,1,1,18,14,12
598,64,0,1,2,22,0,0,1,2,2,10
599,57,63,1,2,22,1,0,0,2,10,8
600,59,119,6,2,22,2,1,1,2,8,4
601,33,177,5,2,22,3,1,1,2,4,2
602,61,0,1,2,23,0,0,1,12,12,17
603,55,60,1,2,23,1,0,0,12,17,13
604,20,114,1,2,23,2,0,0,12,13,15
605,48,133,11,2,23,3,1,1,12,15,13
606,33,180,11,2,23,4,1,1,12,13,11
607,67,0,1,2,26,0,0,1,16,16,6
608,29,66,1,2,26,1,0,0,16,6,17
609,55,94,1,2,26,2,0,0,16,17,20
610,26,148,12,2,26,3,1,1,16,20,18
611,20,173,1,2,26,4,0,1,16,18,18
612,12,192,10,2,26,5,1,1,16,18,18
613,69,0,1,2,27,0,0,1,8,8,2
614,60,68,1,2,27,1,0,0,8,2,1
615,51,127,6,2,27,2,1,1,8,1,2
616,33,177,5,2,27,3,1,1,8,2,3
617,65,0,1,2,28,0,0,1,10,10,7
618,60,64,1,2,28,1,0,0,10,7,7
619,55,123,6,2,28,2,1,1,10,7,5
620,6,177,11,2,28,3,1,1,10,5,5
621,28,182,6,2,28,4,1,1,10,5,5
622,65,0,1,2,30,0,0,1,9,9,12
623,35,64,1,2,30,1,0,0,9,12,15
624,60,98,1,2,30,2,0,0,9,15,13
625,25,157,12,2,30,3,1,1,9,13,10
626,33,181,11,2,30,4,1,1,9,10,9
627,11,0,4,2,59,0,1,1,22,22,20
628,59,10,1,2,59,1,0,1,22,20,19
629,52,68,1,2,59,2,0,0,22,19,18
630,62,119,12,2,59,3,1,1,22,18,15
631,33,180,11,2,59,4,1,1,22,15,13
632,43,0,1,2,88,0,0,1,17,17,20
633,3,42,1,2,88,1,0,0,17,20,20
634,30,44,1,2,88,2,0,0,17,20,20
635,35,73,1,2,88,3,0,0,17,20,19
636,36,107,1,2,88,4,0,0,17,19,19
637,33,142,11,2,88,5,1,1,17,19,17
638,33,174,11,2,88,6,1,1,17,17,15
639,65,0,1,2,98,0,0,1,11,11,8
640,60,64,1,2,98,1,0,0,11,8,6
641,56,123,12,2,98,2,1,1,11,6,16
642,33,178,11,2,98,3,1,1,11,16,14
