,eventid,carno,pit_id,lap_number,lap_time,lap_cnt,cautionlap_cnt,pit_oncaution_len,pit_oncaution
0,0,1,0,31,52.84739999999988,31,3,0,0
1,0,1,1,58,93.63630000000012,26,9,1,1
2,0,1,2,90,53.63270000000011,31,2,0,0
3,0,1,3,122,52.41650000000027,31,0,0,0
4,0,1,4,152,52.1288999999997,29,0,0,0
5,0,1,5,181,51.65689999999995,28,0,0,0
6,0,2,0,32,54.61290000000008,32,3,0,0
7,0,2,1,39,107.20499999999993,6,5,5,1
8,0,2,2,58,91.29849999999988,18,4,1,1
9,0,2,3,90,53.810599999999795,31,2,0,0
10,0,2,4,112,55.62109999999939,21,0,0,0
11,0,2,5,143,53.467899999999645,30,0,0,0
12,0,2,6,173,52.70300000000043,29,0,0,0
13,0,3,0,32,53.88959999999997,32,3,0,0
14,0,3,1,58,93.65200000000004,25,9,1,1
15,0,3,2,92,53.63050000000021,33,2,0,0
16,0,3,3,123,52.990600000000086,30,0,0,0
17,0,3,4,154,52.531699999999546,30,0,0,0
18,0,3,5,185,52.69220000000132,30,0,0,0
19,0,5,0,30,53.461700000000064,30,3,0,0
20,0,5,1,58,93.14139999999998,27,9,1,1
21,0,5,2,91,52.58049999999912,32,2,0,0
22,0,5,3,122,52.17869999999948,30,0,0,0
23,0,5,4,153,54.266200000000026,30,0,0,0
24,0,5,5,181,52.44209999999839,27,0,0,0
25,0,6,0,31,71.07489999999984,31,3,0,0
26,0,7,0,32,68.19610000000011,32,3,0,0
27,0,7,1,58,101.47580000000016,25,10,1,1
28,0,7,2,92,66.30230000000029,33,2,0,0
29,0,7,3,121,66.34950000000026,28,0,0,0
30,0,7,4,152,66.43549999999959,30,0,0,0
31,0,7,5,178,699.5504000000001,25,0,0,0
32,0,8,0,32,69.06020000000012,32,3,0,0
33,0,8,1,58,102.55169999999998,25,10,1,1
34,0,8,2,90,67.38960000000043,31,2,0,0
35,0,8,3,121,68.47890000000007,30,0,0,0
36,0,8,4,152,68.48229999999967,30,0,0,0
37,0,8,5,182,66.17499999999927,29,0,0,0
38,0,9,0,32,55.029399999999896,32,3,0,0
39,0,9,1,58,90.99800000000005,25,9,1,1
40,0,9,2,91,51.91520000000037,32,2,0,0
41,0,9,3,123,51.76669999999922,31,0,0,0
42,0,9,4,156,53.48329999999987,32,0,0,0
43,0,9,5,183,52.81970000000001,26,0,0,0
44,0,10,0,32,54.58919999999989,32,3,0,0
45,0,10,1,58,90.08210000000008,25,9,1,1
46,0,10,2,92,54.12950000000001,33,2,0,0
47,0,10,3,124,52.79370000000017,31,0,0,0
48,0,10,4,156,53.51400000000103,31,0,0,0
49,0,10,5,188,51.603800000000774,31,0,0,0
50,0,11,0,29,54.018800000000056,29,3,0,0
51,0,11,1,58,93.60630000000037,28,9,1,1
52,0,11,2,90,53.461999999999534,31,2,0,0
53,0,11,3,121,53.44589999999971,30,0,0,0
54,0,11,4,153,53.311100000000806,31,0,0,0
55,0,11,5,178,52.76800000000003,24,0,0,0
56,0,12,0,33,54.996000000000095,33,3,0,0
57,0,12,1,58,91.99510000000055,24,9,1,1
58,0,12,2,89,53.16899999999987,30,2,0,0
59,0,12,3,121,53.65279999999984,31,0,0,0
60,0,12,4,154,52.70600000000013,32,0,0,0
61,0,12,5,185,52.52130000000034,30,0,0,0
62,0,12,6,196,130.4940000000006,10,2,2,1
63,0,14,0,31,67.03420000000006,31,3,0,0
64,0,14,1,59,73.34270000000015,27,10,2,1
65,0,14,2,91,66.51999999999953,31,1,0,0
66,0,14,3,116,68.14919999999984,24,0,0,0
67,0,14,4,146,65.74039999999968,29,0,0,0
68,0,14,5,175,66.30149999999958,28,0,0,0
69,0,15,0,5,140.4095,5,1,1,1
70,0,15,1,38,136.35069999999996,32,4,3,1
71,0,15,2,58,101.36369999999988,19,5,1,1
72,0,15,3,90,66.02980000000025,31,2,0,0
73,0,15,4,121,67.16409999999996,30,0,0,0
74,0,15,5,152,72.89889999999923,30,0,0,0
75,0,15,6,171,64.76560000000063,18,0,0,0
76,0,16,0,5,140.6742,5,1,1,1
77,0,16,1,38,138.97450000000003,32,4,3,1
78,0,16,2,58,103.45980000000009,19,5,1,1
79,0,16,3,91,90.75990000000002,32,2,0,0
80,0,16,4,95,53.25839999999971,3,0,0,0
81,0,16,5,120,68.84189999999944,24,0,0,0
82,0,16,6,151,72.73719999999958,30,0,0,0
83,0,16,7,180,70.09059999999954,28,0,0,0
84,0,18,0,31,84.4070999999999,31,3,0,0
85,0,18,1,40,86.47389999999996,8,6,6,1
86,0,18,2,58,109.7497999999996,17,3,1,1
87,0,18,3,91,71.98659999999927,32,2,0,0
88,0,18,4,121,70.51940000000013,29,0,0,0
89,0,18,5,152,72.01730000000043,30,0,0,0
90,0,18,6,183,69.16280000000006,30,0,0,0
91,0,19,0,32,69.30539999999974,32,3,0,0
92,0,19,1,58,103.97040000000015,25,9,1,1
93,0,19,2,91,70.72580000000016,32,2,0,0
94,0,19,3,121,72.05630000000019,29,0,0,0
95,0,19,4,153,70.48949999999968,31,0,0,0
96,0,19,5,183,65.72689999999966,29,0,0,0
97,0,20,0,30,53.269199999999955,30,3,0,0
98,0,20,1,58,93.99990000000025,27,9,1,1
99,0,20,2,90,53.71069999999963,31,2,0,0
100,0,20,3,121,54.17279999999937,30,0,0,0
101,0,20,4,153,53.79740000000038,31,0,0,0
102,0,20,5,178,53.31080000000111,24,0,0,0
103,0,21,0,27,75.34270000000015,27,3,0,0
104,0,21,1,37,150.64009999999985,9,3,3,1
105,0,21,2,57,101.38129999999956,19,5,1,1
106,0,21,3,67,274.9886999999999,9,2,0,0
107,0,21,4,96,68.59910000000036,28,0,0,0
108,0,21,5,125,69.47339999999986,28,0,0,0
109,0,21,6,153,68.94989999999962,27,0,0,0
110,0,21,7,171,66.68139999999948,17,0,0,0
111,0,22,0,31,53.83479999999986,31,3,0,0
112,0,22,1,58,90.94780000000037,26,9,1,1
113,0,22,2,90,54.79179999999997,31,2,0,0
114,0,22,3,121,53.76329999999962,30,0,0,0
115,0,22,4,153,54.784599999999955,31,0,0,0
116,0,22,5,181,53.52150000000074,27,0,0,0
117,0,25,0,30,52.67670000000021,30,3,0,0
118,0,25,1,58,93.7148000000002,27,9,1,1
119,0,25,2,90,53.82020000000011,31,2,0,0
120,0,25,3,121,52.344099999999344,30,0,0,0
121,0,25,4,151,52.268299999999726,29,0,0,0
122,0,25,5,180,52.172200000000885,28,0,0,0
123,0,26,0,31,53.82100000000014,31,3,0,0
124,0,26,1,58,93.22960000000012,26,9,1,1
125,0,26,2,92,53.5029999999997,33,2,0,0
126,0,26,3,123,53.527100000000246,30,0,0,0
127,0,26,4,155,53.101300000000265,31,0,0,0
128,0,26,5,185,52.98559999999998,29,0,0,0
129,0,27,0,32,55.21239999999989,32,3,0,0
130,0,27,1,58,91.75530000000026,25,9,1,1
131,0,27,2,92,53.861399999999776,33,2,0,0
132,0,27,3,125,52.81840000000011,32,0,0,0
133,0,27,4,157,54.090799999999945,31,0,0,0
134,0,27,5,188,52.20629999999983,30,0,0,0
135,0,27,6,192,77.64730000000054,3,0,0,0
136,0,41,0,30,68.01160000000004,30,3,0,0
137,0,41,1,39,74.36490000000003,8,5,5,1
138,0,41,2,58,100.19939999999997,18,4,1,1
139,0,41,3,90,95.27430000000004,31,2,0,0
140,0,41,4,121,73.34049999999934,30,0,0,0
141,0,41,5,150,69.71870000000035,28,0,0,0
142,0,41,6,179,89.71779999999853,28,0,0,0
143,0,55,0,30,67.23500000000013,30,3,0,0
144,0,55,1,58,104.33289999999988,27,10,1,1
145,0,55,2,88,66.21569999999974,29,2,0,0
146,0,55,3,113,67.59940000000006,24,0,0,0
147,0,55,4,143,69.17159999999967,29,0,0,0
148,0,55,5,172,67.90169999999944,28,0,0,0
149,0,60,0,32,70.10629999999992,32,3,0,0
150,0,60,1,58,103.85249999999996,25,10,1,1
151,0,60,2,92,68.20830000000024,33,2,0,0
152,0,60,3,125,67.58230000000003,32,0,0,0
153,0,60,4,147,79.64239999999972,21,0,0,0
154,0,60,5,169,389.2547999999988,21,0,0,0
155,0,63,0,5,148.69969999999998,5,1,1,1
156,0,63,1,38,146.64890000000014,32,4,3,1
157,0,63,2,46,417.1121000000003,7,4,0,0
158,0,77,0,33,68.70640000000003,33,3,0,0
159,0,77,1,58,102.07000000000016,24,10,1,1
160,0,77,2,92,68.78579999999965,33,2,0,0
161,0,77,3,122,68.21600000000035,29,0,0,0
162,0,77,4,153,66.9331000000002,30,0,0,0
163,0,77,5,182,66.28629999999976,28,0,0,0
164,0,78,0,5,142.78060000000002,5,1,1,1
165,0,78,1,38,139.77610000000004,32,4,3,1
166,0,78,2,45,54.184499999999844,6,4,0,0
167,0,78,3,58,85.19540000000006,12,2,2,1
168,0,78,4,92,67.91870000000017,33,2,0,0
169,0,78,5,123,68.26260000000002,30,0,0,0
170,0,78,6,152,69.05400000000009,28,0,0,0
171,0,78,7,180,70.52610000000095,27,0,0,0
172,0,81,0,5,146.25310000000002,5,1,1,1
173,0,81,1,28,376.9266,22,1,29,1
174,0,81,2,35,115.9018000000001,6,6,36,1
175,0,81,3,55,96.6877999999997,19,5,4,1
176,0,81,4,80,73.70589999999993,24,0,0,0
177,0,81,5,107,73.29719999999998,26,0,0,0
178,0,81,6,134,70.1300999999994,26,0,0,0
179,0,81,7,160,70.90349999999944,25,0,0,0
180,0,81,8,183,69.03269999999975,22,0,0,0
181,0,83,0,6,128.89310000000006,6,3,3,1
182,0,83,1,34,52.65429999999992,27,0,0,0
183,0,83,2,39,65.34169999999995,4,4,4,1
184,0,83,3,58,87.54370000000017,18,4,1,1
185,0,83,4,92,52.929700000000594,33,2,0,0
186,0,83,5,124,52.92779999999948,31,0,0,0
187,0,83,6,156,53.420100000000275,31,0,0,0
188,0,83,7,185,53.00249999999869,28,0,0,0
189,0,91,0,29,129.47209999999995,29,3,0,0
190,0,91,1,40,855.5304000000001,10,8,8,1
191,0,91,2,44,254.1597000000006,3,2,0,0
192,0,98,0,32,54.4208000000001,32,3,0,0
193,0,98,1,58,91.74559999999974,25,9,1,1
194,0,98,2,92,53.28410000000076,33,2,0,0
195,0,98,3,124,52.934799999999996,31,0,0,0
196,0,98,4,156,53.32080000000042,31,0,0,0
197,0,98,5,168,60.733000000000175,11,0,0,0
198,1,2,0,32,65.47560000000021,32,0,0,0
199,1,2,1,66,66.63910000000033,33,0,0,0
200,1,2,2,99,64.61259999999947,32,0,0,0
201,1,2,3,132,64.4955000000009,32,0,0,0
202,1,2,4,134,52.455800000000636,1,0,0,0
203,1,2,5,153,96.0021999999999,18,4,4,1
204,1,2,6,170,105.09749999999985,16,5,2,1
205,1,2,7,192,137.9973000000009,21,9,1,1
206,1,3,0,31,52.472099999999955,31,0,0,0
207,1,3,1,63,52.51310000000012,31,0,0,0
208,1,3,2,92,52.38969999999972,28,0,0,0
209,1,3,3,122,52.325700000000325,29,0,0,0
210,1,3,4,153,98.1872000000003,30,3,3,1
211,1,3,5,170,99.53359999999975,16,5,2,1
212,1,3,6,192,136.6885999999995,21,9,1,1
213,1,5,0,30,70.11950000000002,30,0,0,0
214,1,5,1,60,68.57830000000013,29,0,0,0
215,1,5,2,90,71.95580000000018,29,0,0,0
216,1,5,3,118,72.53160000000025,27,0,0,0
217,1,5,4,148,71.50829999999951,29,0,149,1
218,1,5,5,158,54.982200000000375,9,8,0,0
219,1,5,6,170,88.87339999999949,11,3,3,1
220,1,5,7,192,156.23309999999947,21,10,2,1
221,1,6,0,30,68.21510000000012,30,0,0,0
222,1,6,1,63,67.65189999999984,32,0,0,0
223,1,6,2,94,67.58399999999983,30,0,0,0
224,1,6,3,125,66.64460000000054,30,0,0,0
225,1,6,4,153,105.72119999999995,27,4,4,1
226,1,6,5,170,109.36189999999988,16,5,2,1
227,1,7,0,32,53.60349999999994,32,0,0,0
228,1,7,1,65,52.772599999999784,32,0,0,0
229,1,7,2,91,58.54329999999982,25,0,0,0
230,1,7,3,121,52.5028999999995,29,0,0,0
231,1,7,4,152,59.77399999999943,30,7,7,1
232,1,7,5,170,71.33860000000004,17,6,5,1
233,1,7,6,190,151.02520000000004,19,9,2,1
234,1,8,0,2,61.6807,2,0,0,0
235,1,8,1,32,53.44150000000013,29,0,0,0
236,1,8,2,63,52.983799999999974,30,0,0,0
237,1,8,3,92,53.13670000000002,28,0,0,0
238,1,8,4,121,53.057700000000295,28,0,0,0
239,1,8,5,155,61.25540000000001,33,7,7,1
240,1,8,6,170,85.04179999999997,14,3,2,1
241,1,8,7,192,143.01620000000003,21,9,1,1
242,1,9,0,31,52.4697000000001,31,0,0,0
243,1,9,1,64,52.379399999999805,32,0,0,0
244,1,9,2,95,51.89309999999978,30,0,0,0
245,1,9,3,125,51.63720000000012,29,0,0,0
246,1,9,4,153,97.47099999999955,27,3,3,1
247,1,10,0,32,65.86130000000003,32,0,0,0
248,1,10,1,65,797.8281000000002,32,0,0,0
249,1,10,2,95,65.51510000000053,29,0,0,0
250,1,10,3,117,65.29280000000017,21,0,0,0
251,1,10,4,137,84.08789999999954,19,6,6,1
252,1,10,5,156,81.33590000000095,18,7,5,1
253,1,10,6,161,133.16830000000027,4,4,10,1
254,1,10,7,176,165.1177000000007,14,4,2,1
255,1,11,0,30,66.33889999999997,30,0,0,0
256,1,11,1,62,67.58050000000003,31,0,0,0
257,1,11,2,94,66.62789999999995,31,0,0,0
258,1,11,3,124,66.32260000000042,29,0,0,0
259,1,11,4,153,100.58179999999993,28,4,4,1
260,1,11,5,170,109.61689999999999,16,5,2,1
261,1,11,6,192,140.2402000000002,21,9,1,1
262,1,12,0,31,51.977600000000166,31,0,0,0
263,1,12,1,62,53.57950000000028,30,0,0,0
264,1,12,2,94,51.910699999999906,31,0,0,0
265,1,12,3,127,52.56919999999991,32,0,0,0
266,1,12,4,129,52.77059999999983,1,0,0,0
267,1,12,5,153,80.91389999999956,23,4,4,1
268,1,12,6,170,84.5038999999997,16,5,2,1
269,1,12,7,192,143.21950000000106,21,9,1,1
270,1,14,0,30,67.0755999999999,30,0,0,0
271,1,14,1,63,67.73639999999978,32,0,0,0
272,1,14,2,93,67.67299999999977,29,0,0,0
273,1,14,3,122,64.60609999999997,28,0,0,0
274,1,14,4,153,94.80460000000039,30,4,4,1
275,1,14,5,170,108.09389999999985,16,5,2,1
276,1,14,6,192,155.02459999999883,21,10,2,1
277,1,14,7,193,164.07810000000063,0,0,3,1
278,1,15,0,29,70.67840000000001,29,0,0,0
279,1,15,1,40,367.44240000000013,10,0,0,0
280,1,15,2,44,779.7732999999998,3,0,0,0
281,1,16,0,30,69.00980000000004,30,0,0,0
282,1,16,1,61,67.99749999999995,30,0,0,0
283,1,16,2,92,68.4123999999997,30,0,0,0
284,1,16,3,120,67.28310000000056,27,0,0,0
285,1,16,4,153,96.39509999999973,32,4,4,1
286,1,16,5,170,105.5002000000004,16,5,2,1
287,1,16,6,192,143.5023000000001,21,9,1,1
288,1,17,0,30,70.3148000000001,30,0,0,0
289,1,17,1,61,68.45319999999992,30,0,0,0
290,1,17,2,92,66.51999999999998,30,0,0,0
291,1,17,3,122,66.3119000000006,29,0,0,0
292,1,17,4,152,109.94590000000062,29,4,4,1
293,1,17,5,172,84.14350000000013,19,8,5,1
294,1,17,6,192,159.45420000000013,19,9,2,1
295,1,18,0,30,72.19589999999994,30,0,0,0
296,1,18,1,60,70.24609999999984,29,0,0,0
297,1,18,2,91,71.13889999999992,30,0,0,0
298,1,18,3,122,69.14260000000013,30,0,0,0
299,1,18,4,154,88.92579999999998,31,6,6,1
300,1,18,5,171,79.6862000000001,16,5,4,1
301,1,18,6,192,166.89699999999903,20,10,2,1
302,1,19,0,31,54.072200000000066,31,0,0,0
303,1,19,1,62,55.315000000000055,30,0,0,0
304,1,19,2,91,52.94639999999981,28,0,0,0
305,1,19,3,120,52.79949999999917,28,0,0,0
306,1,19,4,153,89.08230000000003,32,4,4,1
307,1,19,5,170,92.0010000000002,16,5,2,1
308,1,19,6,192,141.27499999999964,21,9,1,1
309,1,19,7,194,56.79989999999998,1,0,0,0
310,1,20,0,29,53.70900000000006,29,0,0,0
311,1,20,1,62,53.16710000000012,32,0,0,0
312,1,20,2,94,52.604799999999614,31,0,0,0
313,1,20,3,115,53.831200000000536,20,0,0,0
314,1,20,4,145,52.98239999999987,29,0,0,0
315,1,20,5,170,100.22789999999986,24,10,2,1
316,1,21,0,30,53.285699999999906,30,0,0,0
317,1,21,1,62,52.93260000000009,31,0,0,0
318,1,21,2,94,52.08609999999999,31,0,0,0
319,1,21,3,124,51.898299999999836,29,0,0,0
320,1,21,4,147,53.10710000000017,22,0,0,0
321,1,21,5,156,96.09929999999986,8,7,7,1
322,1,21,6,170,81.65050000000065,13,2,2,1
323,1,21,7,192,142.4377000000004,21,9,1,1
324,1,22,0,27,64.83750000000009,27,0,0,0
325,1,22,1,58,65.61790000000019,30,0,0,0
326,1,22,2,88,67.46810000000005,29,0,0,0
327,1,22,3,118,68.03400000000056,29,0,0,0
328,1,22,4,148,64.61570000000029,29,0,0,0
329,1,22,5,170,94.8784999999998,21,10,2,1
330,1,22,6,192,145.45089999999982,21,9,1,1
331,1,25,0,30,54.05130000000008,30,0,0,0
332,1,25,1,62,53.41889999999967,31,0,0,0
333,1,25,2,93,52.83609999999999,30,0,0,0
334,1,25,3,123,52.95670000000064,29,0,0,0
335,1,25,4,153,99.14130000000023,29,3,3,1
336,1,25,5,170,99.84419999999955,16,5,2,1
337,1,25,6,192,137.04290000000037,21,9,1,1
338,1,26,0,30,54.18560000000002,30,0,0,0
339,1,26,1,63,54.64589999999998,32,0,0,0
340,1,26,2,94,53.118499999999585,30,0,0,0
341,1,26,3,124,53.071499999999105,29,0,0,0
342,1,26,4,153,87.29310000000078,28,4,4,1
343,1,26,5,170,97.1828000000005,16,5,2,1
344,1,26,6,192,139.07589999999982,21,9,1,1
345,1,27,0,30,52.79509999999982,30,0,0,0
346,1,27,1,63,52.5663999999997,32,0,0,0
347,1,27,2,94,53.30019999999968,30,0,0,0
348,1,27,3,125,52.30630000000019,30,0,0,0
349,1,27,4,153,94.38820000000032,27,4,4,1
350,1,27,5,170,97.53569999999945,16,5,2,1
351,1,28,0,31,53.112300000000005,31,0,0,0
352,1,28,1,63,52.99479999999994,31,0,0,0
353,1,28,2,94,51.88120000000026,30,0,0,0
354,1,28,3,124,52.42500000000018,29,0,0,0
355,1,28,4,153,98.52569999999923,28,3,3,1
356,1,28,5,170,100.51710000000003,16,5,2,1
357,1,28,6,192,134.90970000000016,21,9,1,1
358,1,33,0,29,72.97170000000006,29,0,0,0
359,1,33,1,60,68.63700000000017,30,0,0,0
360,1,33,2,91,69.66499999999996,30,0,0,0
361,1,33,3,120,69.21499999999924,28,0,0,0
362,1,33,4,154,82.92649999999958,33,5,5,1
363,1,33,5,170,100.60410000000047,15,4,2,1
364,1,33,6,192,152.2562999999991,21,10,2,1
365,1,34,0,30,54.16669999999999,30,0,0,0
366,1,34,1,63,53.444400000000314,32,0,0,0
367,1,34,2,94,53.190900000000056,30,0,0,0
368,1,34,3,124,53.1309999999994,29,0,0,0
369,1,34,4,153,94.06940000000031,28,4,4,1
370,1,34,5,170,97.46180000000004,16,5,2,1
371,1,34,6,192,138.48210000000108,21,9,1,1
372,1,41,0,27,71.5807000000002,27,0,0,0
373,1,41,1,56,69.5308,28,0,0,0
374,1,41,2,84,70.0327000000002,27,0,0,0
375,1,41,3,108,112.68589999999949,23,0,0,0
376,1,41,4,113,54.754399999999805,4,0,0,0
377,1,41,5,138,69.54259999999977,24,0,0,0
378,1,41,6,167,109.6228000000001,28,11,2,1
379,1,41,7,178,55.665499999999156,10,9,0,0
380,1,41,8,188,143.5041000000001,9,1,1,1
381,1,63,0,30,70.27129999999988,30,0,0,0
382,1,63,1,61,72.52769999999964,30,0,0,0
383,1,63,2,62,344.7278000000001,0,0,0,0
384,1,63,3,92,71.59619999999995,29,0,0,0
385,1,63,4,122,69.35329999999976,29,0,0,0
386,1,63,5,147,77.25930000000062,24,7,7,1
387,1,63,6,166,114.66640000000007,18,7,6,1
388,1,63,7,185,157.15389999999934,18,8,2,1
389,1,67,0,30,53.966499999999996,30,0,0,0
390,1,67,1,63,52.945900000000165,32,0,0,0
391,1,67,2,94,52.82250000000022,30,0,0,0
392,1,67,3,123,54.70499999999993,28,0,0,0
393,1,68,0,28,71.38259999999991,28,0,0,0
394,1,68,1,58,70.04710000000023,29,0,0,0
395,1,68,2,88,69.28610000000026,29,0,0,0
396,1,68,3,118,70.92029999999977,29,0,0,0
397,1,68,4,148,69.64359999999942,29,0,149,1
398,1,68,5,162,52.864700000000084,13,8,0,0
399,1,68,6,174,116.85710000000017,11,7,7,1
400,1,68,7,192,164.89749999999913,17,7,2,1
401,1,77,0,30,53.58269999999993,30,0,0,0
402,1,77,1,58,53.05119999999988,27,0,0,0
403,1,77,2,84,52.026900000000296,25,0,0,0
404,1,77,3,109,54.2528999999995,24,0,0,0
405,1,77,4,135,51.74539999999979,25,0,0,0
406,1,77,5,155,58.50880000000052,19,7,7,1
407,1,77,6,170,80.72969999999987,14,3,2,1
408,1,77,7,192,148.02370000000155,21,10,2,1
409,1,83,0,31,67.2183,31,0,0,0
410,1,83,1,63,72.96810000000005,31,0,0,0
411,1,83,2,94,68.4665,30,0,0,0
412,1,83,3,125,67.23229999999967,30,0,0,0
413,1,83,4,149,460.6772000000001,23,0,150,1
414,1,91,0,29,73.82929999999988,29,0,0,0
415,1,91,1,58,118.98520000000008,28,0,0,0
416,1,91,2,62,54.65039999999999,3,0,0,0
417,1,91,3,87,652.2499000000003,24,0,0,0
418,1,98,0,31,54.14770000000021,31,0,0,0
419,1,98,1,57,55.309499999999844,25,0,0,0
420,1,98,2,88,53.39760000000024,30,0,0,0
421,1,98,3,118,54.218700000000354,29,0,0,0
422,1,98,4,150,87.01959999999963,31,1,1,1
423,1,98,5,155,59.56049999999959,4,4,6,1
424,1,98,6,170,74.08579999999984,14,3,2,1
425,1,98,7,192,160.2559000000001,21,10,2,1
426,2,1,0,38,53.19860000000017,38,11,0,0
427,2,1,1,66,101.96529999999984,27,2,2,1
428,2,1,2,100,52.23069999999916,33,3,0,0
429,2,1,3,116,109.65620000000035,15,3,3,1
430,2,1,4,151,52.42450000000008,34,6,0,0
431,2,1,5,170,93.55799999999908,18,9,2,1
432,2,2,0,7,90.25029999999992,7,6,6,1
433,2,2,1,8,140.14970000000005,0,0,7,1
434,2,2,2,10,111.66430000000003,1,1,9,1
435,2,2,3,41,67.5978,30,1,0,0
436,2,2,4,66,111.93100000000004,24,3,3,1
437,2,2,5,99,64.0020999999997,32,3,0,0
438,2,2,6,116,122.10819999999967,16,3,3,1
439,2,2,7,151,65.1973999999991,34,6,0,0
440,2,2,8,170,104.21019999999953,18,9,2,1
441,2,3,0,37,52.94459999999981,37,11,0,0
442,2,3,1,66,104.29400000000032,28,2,2,1
443,2,3,2,101,52.664999999999964,34,3,0,0
444,2,3,3,116,107.88949999999932,14,3,3,1
445,2,3,4,151,52.50799999999981,34,6,0,0
446,2,3,5,170,93.21650000000045,18,9,2,1
447,2,4,0,37,68.40909999999985,37,11,0,0
448,2,4,1,66,109.87930000000006,28,3,3,1
449,2,4,2,100,68.34519999999975,33,3,0,0
450,2,4,3,116,128.84860000000026,15,4,4,1
451,2,4,4,151,70.42920000000049,34,6,0,0
452,2,4,5,156,125.97810000000027,4,4,4,1
453,2,4,6,170,101.27380000000085,13,4,2,1
454,2,5,0,3,133.0924,3,2,2,1
455,2,5,1,39,67.36969999999974,35,8,0,0
456,2,5,2,66,108.66660000000002,26,3,3,1
457,2,5,3,99,69.04370000000017,32,3,0,0
458,2,5,4,116,115.38889999999992,16,3,3,1
459,2,5,5,150,66.58440000000064,33,6,0,0
460,2,5,6,170,103.73739999999998,19,9,2,1
461,2,6,0,35,52.947799999999916,35,11,0,0
462,2,6,1,66,99.0605999999998,30,3,3,1
463,2,6,2,101,52.806400000000394,34,3,0,0
464,2,6,3,116,105.79359999999997,14,3,3,1
465,2,6,4,118,106.38050000000021,1,1,5,1
466,2,6,5,152,53.16939999999977,33,4,153,1
467,2,6,6,170,93.03030000000035,17,8,2,1
468,2,7,0,36,68.17639999999983,36,11,0,0
469,2,7,1,66,109.95119999999997,29,3,3,1
470,2,7,2,99,92.83190000000013,32,3,0,0
471,2,7,3,119,73.46580000000085,19,7,7,1
472,2,7,4,151,71.48190000000068,31,3,0,0
473,2,7,5,158,117.64929999999913,6,6,6,1
474,2,7,6,170,108.81230000000141,11,2,2,1
475,2,7,7,182,118.26909999999953,11,8,6,1
476,2,9,0,35,52.92970000000014,35,11,0,0
477,2,9,1,66,107.13169999999991,30,2,2,1
478,2,9,2,100,52.89080000000013,33,3,0,0
479,2,9,3,116,109.90739999999914,15,3,3,1
480,2,9,4,149,52.55839999999989,32,6,0,0
481,2,9,5,170,93.89890000000014,20,9,2,1
482,2,10,0,36,53.34320000000025,36,11,0,0
483,2,10,1,66,105.84029999999984,29,2,2,1
484,2,10,2,98,52.95809999999983,31,3,0,0
485,2,10,3,116,110.52880000000005,17,3,3,1
486,2,10,4,150,53.27350000000024,33,6,0,0
487,2,11,0,38,52.8757999999998,38,11,0,0
488,2,11,1,66,96.9366,27,3,3,1
489,2,11,2,96,53.598299999999654,29,3,0,0
490,2,11,3,116,106.16830000000027,19,3,3,1
491,2,11,4,151,53.323599999999715,34,6,0,0
492,2,11,5,170,91.17449999999917,18,9,2,1
493,2,14,0,1,311.176,1,0,2,1
494,2,14,1,3,124.25799999999998,1,1,4,1
495,2,14,2,6,129.4464999999999,2,2,7,1
496,2,14,3,8,115.19370000000004,1,1,9,1
497,2,14,4,41,69.34609999999975,32,1,0,0
498,2,14,5,66,84.13149999999996,24,5,5,1
499,2,14,6,98,68.10789999999997,31,1,0,0
500,2,14,7,118,73.77129999999943,19,8,8,1
501,2,14,8,151,65.86160000000018,32,3,152,1
502,2,14,9,171,67.85519999999997,19,10,4,1
503,2,15,0,37,53.10059999999976,37,11,0,0
504,2,15,1,66,98.00750000000016,28,3,3,1
505,2,15,2,99,53.59819999999945,32,3,0,0
506,2,15,3,116,107.08330000000024,16,3,3,1
507,2,15,4,151,53.26420000000053,34,6,0,0
508,2,15,5,170,93.08489999999983,18,9,2,1
509,2,17,0,36,66.54420000000027,36,11,0,0
510,2,17,1,66,109.67299999999977,29,3,3,1
511,2,17,2,99,68.0033999999996,32,3,0,0
512,2,17,3,116,113.96410000000014,16,4,4,1
513,2,17,4,150,68.31850000000031,33,6,0,0
514,2,17,5,170,101.77040000000125,19,9,2,1
515,2,18,0,35,68.87120000000004,35,11,0,0
516,2,18,1,69,73.21810000000005,33,6,6,1
517,2,18,2,99,69.11790000000019,29,0,0,0
518,2,18,3,116,711.9096,16,4,4,1
519,2,19,0,36,68.63389999999981,36,11,0,0
520,2,19,1,66,108.6543999999999,29,3,3,1
521,2,19,2,100,71.6865000000007,33,3,0,0
522,2,19,3,116,802.3865999999998,15,4,0,0
523,2,20,0,37,66.59439999999995,37,11,0,0
524,2,20,1,66,109.9728,28,3,3,1
525,2,20,2,101,67.28650000000016,34,3,0,0
526,2,21,0,36,53.73050000000012,36,11,0,0
527,2,21,1,66,98.64450000000033,29,3,3,1
528,2,21,2,97,57.10309999999936,30,3,0,0
529,2,21,3,116,104.56580000000031,18,3,3,1
530,2,21,4,148,53.520799999999326,31,6,0,0
531,2,21,5,170,91.57999999999993,21,9,2,1
532,2,22,0,37,52.26420000000007,37,11,0,0
533,2,22,1,66,106.13909999999987,28,2,2,1
534,2,22,2,100,52.22929999999997,33,3,0,0
535,2,22,3,116,111.72099999999955,15,3,3,1
536,2,22,4,151,51.83210000000054,34,6,0,0
537,2,22,5,170,93.36540000000059,18,9,2,1
538,2,22,6,182,105.77939999999944,11,8,6,1
539,2,24,0,37,67.57830000000013,37,11,0,0
540,2,24,1,66,110.6259,28,3,3,1
541,2,24,2,100,68.52729999999974,33,3,0,0
542,2,24,3,116,116.98030000000017,15,3,3,1
543,2,24,4,151,67.21140000000014,34,6,0,0
544,2,24,5,170,103.02289999999994,18,9,2,1
545,2,25,0,36,53.67730000000029,36,11,0,0
546,2,25,1,60,54.1854000000003,23,0,0,0
547,2,25,2,69,60.56309999999985,8,6,6,1
548,2,25,3,100,54.151700000000346,30,0,0,0
549,2,25,4,119,61.35599999999977,18,7,7,1
550,2,25,5,151,53.8127999999997,31,3,0,0
551,2,25,6,158,109.18419999999969,6,6,6,1
552,2,25,7,198,53.380699999999706,39,14,0,0
553,2,26,0,36,54.003000000000156,36,11,0,0
554,2,26,1,66,97.9094,29,3,3,1
555,2,26,2,99,53.79910000000018,32,3,0,0
556,2,26,3,116,105.96030000000064,16,3,3,1
557,2,26,4,150,52.85570000000007,33,6,0,0
558,2,26,5,151,80.89670000000024,0,0,0,0
559,2,26,6,157,77.33400000000074,5,5,5,1
560,2,26,7,198,53.52469999999994,40,15,0,0
561,2,27,0,36,53.885899999999765,36,11,0,0
562,2,27,1,66,98.82400000000007,29,3,3,1
563,2,27,2,99,52.863100000000486,32,3,0,0
564,2,27,3,116,107.73069999999916,16,3,3,1
565,2,27,4,152,52.71889999999985,35,6,0,0
566,2,27,5,170,93.40920000000006,17,8,2,1
567,2,28,0,37,55.19349999999986,37,11,0,0
568,2,28,1,61,54.8770999999997,23,0,0,0
569,2,28,2,96,53.89630000000034,34,8,0,0
570,2,28,3,116,103.38320000000022,19,3,3,1
571,2,28,4,147,54.220800000000054,30,6,0,0
572,2,28,5,170,90.68930000000182,22,9,2,1
573,2,29,0,7,89.92290000000003,7,6,6,1
574,2,29,1,8,110.62459999999999,0,0,7,1
575,2,29,2,41,53.35440000000017,32,3,0,0
576,2,29,3,68,70.64170000000013,26,5,5,1
577,2,29,4,99,54.80490000000009,30,1,0,0
578,2,29,5,116,102.13270000000011,16,4,4,1
579,2,29,6,151,53.2462000000005,34,6,0,0
580,2,29,7,170,90.92259999999987,18,9,2,1
581,2,32,0,36,53.97649999999976,36,11,0,0
582,2,32,1,66,97.16359999999986,29,3,3,1
583,2,32,2,100,54.47990000000027,33,3,0,0
584,2,41,0,8,118.30160000000001,8,7,7,1
585,2,41,1,41,66.73299999999972,32,3,0,0
586,2,41,2,66,108.21889999999985,24,3,3,1
587,2,41,3,100,68.59659999999985,33,3,0,0
588,2,41,4,116,118.52919999999995,15,3,3,1
589,2,41,5,150,67.89490000000023,33,6,0,0
590,2,41,6,170,104.01550000000134,19,9,2,1
591,2,48,0,35,69.67890000000034,35,11,0,0
592,2,48,1,66,114.08640000000014,30,3,3,1
593,2,48,2,100,73.36129999999957,33,3,0,0
594,2,48,3,120,94.08899999999994,19,8,8,1
595,2,48,4,122,105.48399999999947,1,1,10,1
596,2,48,5,155,132.16030000000046,32,2,2,1
597,2,48,6,170,106.46379999999954,14,5,2,1
598,2,63,0,1,118.495,1,0,2,1
599,2,63,1,6,111.13390000000004,4,4,7,1
600,2,63,2,38,77.20159999999987,31,5,0,0
601,2,63,3,68,77.49620000000004,29,6,6,1
602,2,63,4,97,73.88789999999972,28,0,0,0
603,2,63,5,114,126.1230999999998,16,3,3,1
604,2,63,6,115,154.11350000000039,0,0,4,1
605,2,63,7,147,72.70560000000023,31,5,0,0
606,2,63,8,152,112.1846000000005,4,3,3,1
607,2,63,9,168,110.45590000000084,15,6,3,1
608,2,63,10,179,123.3726999999999,10,7,6,1
609,2,83,0,37,53.9413999999997,37,11,0,0
610,2,83,1,66,100.14400000000023,28,2,2,1
611,2,83,2,100,53.63299999999981,33,3,0,0
612,2,83,3,116,108.27019999999993,15,3,3,1
613,2,83,4,152,53.996399999999994,35,6,0,0
614,2,83,5,170,93.10850000000028,17,8,2,1
615,2,88,0,5,126.04740000000004,5,4,4,1
616,2,88,1,39,69.83690000000024,33,6,0,0
617,2,88,2,62,438.7488000000003,22,0,63,1
618,2,98,0,37,88.51889999999958,37,11,0,0
619,2,98,1,68,86.1555000000003,30,5,5,1
620,2,98,2,100,69.27540000000045,31,1,0,0
621,2,98,3,116,116.98059999999987,15,3,3,1
622,2,98,4,151,68.5582000000004,34,6,0,0
623,2,98,5,170,107.03520000000026,18,9,2,1
624,3,2,0,32,65.9326000000001,32,0,0,0
625,3,2,1,48,87.42239999999993,15,2,2,1
626,3,3,0,30,53.34609999999998,30,0,0,0
627,3,3,1,48,81.9856000000002,17,1,1,1
628,3,3,2,66,110.75690000000031,17,7,2,1
629,3,3,3,96,113.28669999999966,29,10,2,1
630,3,3,4,117,108.85950000000048,20,9,2,1
631,3,3,5,149,52.670900000000074,31,3,0,0
632,3,3,6,164,91.98709999999846,14,10,2,1
633,3,3,7,165,114.92209999999977,0,0,3,1
634,3,3,8,197,52.15849999999955,31,1,0,0
635,3,4,0,4,85.77509999999984,4,3,3,1
636,3,4,1,9,56.17060000000038,4,3,0,0
637,3,4,2,21,113.69869999999992,11,4,4,1
638,3,4,3,49,130.65440000000035,27,9,3,1
639,3,4,4,70,120.65579999999954,20,10,3,1
640,3,4,5,100,72.29070000000047,29,3,0,0
641,3,5,0,28,52.90639999999985,28,0,0,0
642,3,5,1,48,84.18360000000007,19,1,1,1
643,3,5,2,66,111.55529999999999,17,7,2,1
644,3,5,3,96,112.6292999999996,29,10,2,1
645,3,5,4,117,108.86580000000049,20,9,2,1
646,3,5,5,149,55.59720000000016,31,3,150,1
647,3,5,6,164,92.82610000000022,14,9,1,1
648,3,5,7,195,53.07040000000052,30,2,0,0
649,3,6,0,29,68.49559999999997,29,0,0,0
650,3,6,1,48,93.17380000000003,18,2,2,1
651,3,6,2,66,119.94959999999992,17,7,2,1
652,3,6,3,96,126.32240000000002,29,10,2,1
653,3,6,4,117,133.41219999999976,20,9,2,1
654,3,6,5,149,67.5663999999997,31,3,150,1
655,3,6,6,185,67.47269999999844,35,12,0,0
656,3,7,0,29,54.07009999999991,29,0,0,0
657,3,7,1,48,82.04970000000003,18,1,1,1
658,3,7,2,66,110.74180000000024,17,7,2,1
659,3,7,3,96,111.75799999999981,29,10,2,1
660,3,7,4,126,53.410900000000765,29,10,0,0
661,3,8,0,29,69.60609999999997,29,0,0,0
662,3,8,1,48,83.88580000000002,18,2,2,1
663,3,8,2,66,118.63000000000011,17,7,2,1
664,3,8,3,96,119.97490000000016,29,10,2,1
665,3,8,4,117,118.87289999999939,20,9,2,1
666,3,8,5,152,104.47320000000036,34,6,3,1
667,3,8,6,153,109.5655999999999,0,0,4,1
668,3,8,7,156,107.39539999999943,2,2,7,1
669,3,8,8,164,98.85300000000097,7,3,2,1
670,3,8,9,187,66.21289999999863,22,2,0,0
671,3,9,0,31,53.88279999999986,31,0,0,0
672,3,9,1,48,80.32109999999989,16,1,1,1
673,3,9,2,66,109.6545000000001,17,7,2,1
674,3,9,3,96,111.52859999999964,29,10,2,1
675,3,9,4,117,108.04579999999987,20,9,2,1
676,3,9,5,153,98.4349000000002,35,6,3,1
677,3,9,6,164,91.75089999999909,10,6,2,1
678,3,9,7,191,52.69629999999961,26,2,0,0
679,3,10,0,29,54.97460000000001,29,0,0,0
680,3,10,1,48,82.54649999999992,18,1,1,1
681,3,10,2,66,110.64630000000034,17,7,2,1
682,3,10,3,96,111.57290000000012,29,10,2,1
683,3,10,4,117,108.57269999999971,20,9,2,1
684,3,10,5,149,54.202800000000025,31,3,150,1
685,3,10,6,164,93.30489999999918,14,9,1,1
686,3,10,7,192,53.05609999999979,27,2,0,0
687,3,11,0,30,67.25790000000006,30,0,0,0
688,3,11,1,48,90.90120000000002,17,2,2,1
689,3,11,2,66,121.74519999999984,17,7,2,1
690,3,11,3,96,122.63570000000072,29,10,2,1
691,3,11,4,117,117.89440000000013,20,9,2,1
692,3,11,5,149,69.1297999999997,31,3,150,1
693,3,11,6,164,124.32630000000063,14,10,2,1
694,3,11,7,166,103.33220000000074,1,1,4,1
695,3,11,8,198,58.60009999999966,31,0,0,0
696,3,12,0,31,53.87079999999992,31,0,0,0
697,3,12,1,48,81.28120000000013,16,1,1,1
698,3,12,2,53,94.3398000000002,4,4,6,1
699,3,12,3,91,53.96949999999924,37,11,0,0
700,3,12,4,98,68.24789999999939,6,5,5,1
701,3,12,5,117,105.6881000000003,18,7,2,1
702,3,12,6,149,53.2546999999995,31,3,150,1
703,3,12,7,164,91.29399999999987,14,10,2,1
704,3,14,0,29,54.34019999999987,29,0,0,0
705,3,14,1,48,78.79480000000012,18,2,2,1
706,3,14,2,66,106.22879999999986,17,7,2,1
707,3,14,3,96,107.85259999999926,29,10,2,1
708,3,14,4,117,106.8744999999999,20,9,2,1
709,3,14,5,153,99.13030000000072,35,6,3,1
710,3,14,6,163,121.0551000000014,9,5,1,1
711,3,15,0,30,65.84489999999983,30,0,0,0
712,3,15,1,48,88.89820000000009,17,2,2,1
713,3,15,2,66,119.34760000000006,17,7,2,1
714,3,15,3,96,124.26199999999972,29,10,2,1
715,3,15,4,117,118.59790000000066,20,9,2,1
716,3,15,5,152,116.97369999999955,34,5,2,1
717,3,15,6,153,110.07310000000143,0,0,3,1
718,3,15,7,164,102.20060000000012,10,6,2,1
719,3,15,8,190,65.35580000000118,25,2,0,0
720,3,16,0,30,69.63580000000002,30,0,0,0
721,3,16,1,50,76.55000000000018,19,4,4,1
722,3,16,2,66,118.45330000000013,15,5,2,1
723,3,16,3,96,121.65549999999985,29,11,3,1
724,3,16,4,117,116.80089999999927,20,10,3,1
725,3,16,5,153,373.3866999999991,35,7,4,1
726,3,16,6,163,111.82490000000143,9,5,0,0
727,3,16,7,193,64.33529999999882,29,0,0,0
728,3,18,0,30,68.97090000000003,30,0,0,0
729,3,18,1,48,89.97069999999985,17,2,2,1
730,3,18,2,66,121.57000000000016,17,7,2,1
731,3,18,3,96,123.79309999999987,29,10,2,1
732,3,18,4,115,465.78189999999995,18,7,116,1
733,3,19,0,27,67.89350000000013,27,0,0,0
734,3,19,1,48,89.05119999999988,20,2,2,1
735,3,19,2,66,119.10860000000002,17,7,2,1
736,3,19,3,96,122.30220000000008,29,10,2,1
737,3,19,4,117,121.3135999999995,20,9,2,1
738,3,19,5,149,69.1238999999996,31,3,150,1
739,3,19,6,160,53.6375999999982,10,8,0,0
740,3,19,7,164,89.29360000000088,3,2,2,1
741,3,19,8,166,103.31399999999849,1,1,4,1
742,3,19,9,169,53.23919999999998,2,0,0,0
743,3,19,10,194,61.92439999999988,24,0,0,0
744,3,20,0,29,66.56409999999983,29,0,0,0
745,3,20,1,48,92.12830000000008,18,2,2,1
746,3,20,2,63,56.32250000000022,14,5,64,1
747,3,20,3,67,264.0118999999995,3,3,68,1
748,3,20,4,68,383.58550000000014,0,0,69,1
749,3,20,5,69,2774.8374,0,0,70,1
750,3,20,6,98,423.34300000000076,28,1,1,1
751,3,21,0,30,52.93430000000012,30,0,0,0
752,3,21,1,48,87.3744999999999,17,1,1,1
753,3,21,2,66,111.01020000000017,17,7,2,1
754,3,21,3,96,111.45400000000063,29,10,2,1
755,3,21,4,117,109.08010000000013,20,9,2,1
756,3,21,5,149,52.46610000000055,31,3,150,1
757,3,21,6,164,92.27460000000065,14,9,1,1
758,3,21,7,195,52.01369999999952,30,2,0,0
759,3,22,0,30,53.00569999999993,30,0,0,0
760,3,22,1,48,86.79460000000017,17,1,1,1
761,3,22,2,66,110.22069999999985,17,7,2,1
762,3,22,3,71,97.17580000000044,4,4,7,1
763,3,22,4,96,110.0019000000002,24,5,2,1
764,3,22,5,120,99.16890000000058,23,13,6,1
765,3,22,6,151,77.9919000000009,30,2,2,1
766,3,22,7,152,115.40120000000024,0,0,3,1
767,3,22,8,166,94.58029999999962,13,9,4,1
768,3,22,9,194,54.31430000000182,27,0,0,0
769,3,24,0,32,66.6364000000001,32,0,0,0
770,3,24,1,48,92.33449999999993,15,1,1,1
771,3,24,2,66,121.73160000000007,17,7,2,1
772,3,25,0,28,69.4507000000001,28,0,0,0
773,3,25,1,48,91.3427999999999,19,2,2,1
774,3,25,2,66,120.1298999999999,17,7,2,1
775,3,25,3,96,124.55289999999968,29,11,3,1
776,3,25,4,106,716.8892000000005,9,7,107,1
777,3,25,5,107,2092.2653,0,0,108,1
778,3,25,6,109,97.41150000000016,1,1,110,1
779,3,26,0,31,52.962800000000016,31,0,0,0
780,3,26,1,48,86.60170000000016,16,1,1,1
781,3,26,2,66,110.61220000000003,17,7,2,1
782,3,26,3,96,111.57819999999992,29,10,2,1
783,3,26,4,117,108.42430000000058,20,9,2,1
784,3,26,5,153,99.78300000000127,35,6,3,1
785,3,26,6,164,92.01120000000083,10,6,2,1
786,3,26,7,196,52.191499999998996,31,2,0,0
787,3,27,0,30,53.421800000000076,30,0,0,0
788,3,27,1,48,80.01570000000015,17,2,2,1
789,3,27,2,66,109.18640000000005,17,7,2,1
790,3,27,3,96,111.47329999999965,29,10,2,1
791,3,27,4,117,108.68159999999989,20,9,2,1
792,3,27,5,138,55.74019999999928,20,3,0,0
793,3,27,6,155,61.320299999999406,16,7,7,1
794,3,27,7,164,89.65420000000086,8,4,2,1
795,3,27,8,196,53.20390000000043,31,2,0,0
796,3,28,0,28,52.75610000000006,28,0,0,0
797,3,28,1,48,87.33249999999998,19,1,1,1
798,3,28,2,66,111.58500000000004,17,7,2,1
799,3,28,3,96,112.95250000000033,29,10,2,1
800,3,28,4,117,109.44890000000032,20,9,2,1
801,3,28,5,118,220.39149999999972,0,0,3,1
802,3,28,6,154,93.64099999999962,35,7,6,1
803,3,28,7,168,54.25210000000152,13,6,0,0
804,3,29,0,30,53.15930000000003,30,0,0,0
805,3,29,1,48,87.34490000000005,17,1,1,1
806,3,29,2,66,110.97330000000011,17,7,2,1
807,3,29,3,96,111.40190000000075,29,10,2,1
808,3,29,4,117,109.37039999999979,20,9,2,1
809,3,29,5,118,208.3146999999999,0,0,3,1
810,3,29,6,121,57.40030000000024,2,1,0,0
811,3,29,7,150,69.20770000000084,28,2,2,1
812,3,29,8,152,94.65480000000025,1,1,4,1
813,3,29,9,155,95.17159999999967,2,2,7,1
814,3,29,10,180,53.18970000000081,24,6,0,0
815,3,35,0,30,68.50199999999995,30,0,0,0
816,3,35,1,48,85.85270000000014,17,2,2,1
817,3,35,2,66,120.8096999999998,17,7,2,1
818,3,35,3,96,120.76119999999992,29,10,2,1
819,3,35,4,135,68.45030000000042,38,13,0,0
820,3,35,5,156,79.2005999999983,20,7,7,1
821,3,35,6,188,66.7455000000009,31,6,0,0
822,3,41,0,29,67.27359999999999,29,0,0,0
823,3,41,1,48,85.31700000000001,18,2,2,1
824,3,41,2,50,106.75390000000016,1,1,4,1
825,3,41,3,66,118.7547999999997,15,5,2,1
826,3,41,4,96,120.35260000000017,29,10,2,1
827,3,41,5,117,120.77199999999993,20,9,2,1
828,3,41,6,147,66.75979999999981,29,3,0,0
829,3,41,7,164,111.6869999999999,16,12,2,1
830,3,41,8,173,62.67709999999897,8,2,0,0
831,3,42,0,30,54.358000000000175,30,0,0,0
832,3,42,1,48,77.18139999999971,17,2,2,1
833,3,42,2,66,107.14210000000003,17,7,2,1
834,3,42,3,96,111.16140000000087,29,10,2,1
835,3,42,4,98,115.95029999999952,1,1,4,1
836,3,42,5,100,102.14719999999943,1,1,6,1
837,3,42,6,117,105.46689999999944,16,5,2,1
838,3,42,7,142,53.915500000000065,24,3,0,0
839,3,42,8,164,90.63789999999972,21,11,2,1
840,3,61,0,28,69.2029,28,0,0,0
841,3,61,1,51,123.40329999999994,22,5,5,1
842,3,61,2,66,117.11160000000018,14,4,2,1
843,3,61,3,96,122.04969999999958,29,11,3,1
844,3,61,4,117,119.23509999999987,20,9,2,1
845,3,61,5,148,69.57409999999982,30,3,0,0
846,3,61,6,164,103.28390000000036,15,11,2,1
847,3,61,7,191,68.11739999999918,26,2,0,0
848,3,63,0,29,81.68470000000002,29,0,0,0
849,3,63,1,50,90.34169999999995,20,5,5,1
850,3,63,2,66,119.72679999999991,15,5,2,1
851,3,63,3,96,123.64400000000023,29,11,3,1
852,3,63,4,117,122.55169999999998,20,10,3,1
853,3,63,5,148,73.14069999999992,30,3,149,1
854,3,63,6,164,105.28189999999995,15,11,2,1
855,3,63,7,196,69.8135000000002,31,2,0,0
856,3,77,0,29,54.719299999999976,29,0,0,0
857,3,77,1,48,78.58699999999999,18,2,2,1
858,3,77,2,66,106.61130000000003,17,7,2,1
859,3,77,3,96,111.08800000000065,29,10,2,1
860,3,77,4,117,107.79440000000068,20,9,2,1
861,3,77,5,148,53.85739999999987,30,3,0,0
862,3,77,6,155,63.86090000000149,6,6,6,1
863,3,77,7,164,90.65649999999914,8,4,2,1
864,3,77,8,194,53.59230000000025,29,2,0,0
865,3,88,0,31,73.35279999999989,31,0,0,0
866,3,88,1,50,80.97929999999997,18,4,4,1
867,3,88,2,66,122.60660000000007,15,5,2,1
868,3,88,3,100,122.79780000000028,33,15,7,1
869,3,88,4,117,124.07979999999952,16,6,3,1
870,3,88,5,149,72.53729999999996,31,3,150,1
871,3,88,6,150,104.34749999999985,0,0,151,1
872,3,88,7,152,109.47450000000026,1,1,153,1
873,3,88,8,164,109.86290000000008,11,7,3,1
874,3,88,9,195,70.71300000000156,30,1,0,0
875,3,98,0,31,53.93340000000012,31,0,0,0
876,3,98,1,48,81.6416999999999,16,1,1,1
877,3,98,2,66,109.26789999999983,17,7,2,1
878,3,98,3,96,111.75520000000051,29,10,2,1
879,3,98,4,99,107.97469999999976,2,2,5,1
880,3,98,5,101,97.81999999999971,1,1,7,1
881,3,98,6,138,53.356700000000274,36,8,0,0
882,3,98,7,164,91.10980000000018,25,11,2,1
883,4,1,0,30,64.82069999999999,30,0,0,0
884,4,1,1,55,182.03859999999986,24,2,2,1
885,4,1,2,57,110.3429000000001,1,1,4,1
886,4,1,3,82,95.9989000000005,24,12,1,1
887,4,1,4,112,65.2461000000003,29,1,0,0
888,4,1,5,124,127.67959999999948,11,2,2,1
889,4,1,6,132,87.91889999999967,7,5,1,1
890,4,1,7,168,123.85809999999947,35,11,1,1
891,4,1,8,188,139.3123999999989,19,10,4,1
892,4,2,0,30,64.75679999999988,30,0,0,0
893,4,2,1,55,182.84230000000025,24,2,2,1
894,4,2,2,57,110.64139999999998,1,1,4,1
895,4,2,3,82,97.77760000000035,24,12,1,1
896,4,2,4,113,64.18880000000081,30,1,0,0
897,4,2,5,139,120.87369999999919,25,12,2,1
898,4,2,6,168,127.8833999999988,28,7,1,1
899,4,2,7,184,993.7428999999993,15,6,0,0
900,4,2,8,185,132.84070000000065,0,0,0,0
901,4,3,0,29,66.74260000000004,29,0,0,0
902,4,3,1,55,166.28330000000005,25,2,2,1
903,4,3,2,57,122.76999999999998,1,1,4,1
904,4,3,3,70,128.39539999999988,12,6,4,1
905,4,3,4,72,120.30780000000004,1,1,6,1
906,4,3,5,75,79.98320000000058,2,2,0,0
907,4,3,6,104,63.79319999999916,28,4,0,0
908,4,3,7,139,117.94520000000011,34,12,2,1
909,4,3,8,168,122.20340000000033,28,7,1,1
910,4,4,0,27,66.7355,27,0,0,0
911,4,4,1,55,194.0676000000003,27,3,3,1
912,4,4,2,57,110.16480000000047,1,1,5,1
913,4,5,0,29,54.11189999999988,29,0,0,0
914,4,5,1,55,178.66879999999992,25,2,2,1
915,4,5,2,57,97.88430000000017,1,1,4,1
916,4,5,3,69,110.1255000000001,11,5,3,1
917,4,5,4,82,85.51899999999932,12,6,1,1
918,4,5,5,113,53.0012999999999,30,1,0,0
919,4,5,6,139,105.92889999999989,25,12,2,1
920,4,5,7,168,110.6869999999999,28,7,1,1
921,4,7,0,29,67.30159999999978,29,0,0,0
922,4,7,1,55,169.6941999999999,25,2,2,1
923,4,7,2,57,114.09780000000046,1,1,4,1
924,4,7,3,82,98.66300000000047,24,12,1,1
925,4,7,4,113,64.91029999999955,30,1,0,0
926,4,7,5,139,116.89300000000003,25,12,2,1
927,4,7,6,146,143.5622999999996,6,5,3,1
928,4,7,7,168,146.3877999999986,21,1,1,1
929,4,8,0,31,54.09680000000003,31,0,0,0
930,4,8,1,54,147.35320000000002,22,2,2,1
931,4,8,2,58,64.90869999999995,3,3,6,1
932,4,8,3,69,110.82359999999971,10,4,3,1
933,4,8,4,105,53.296400000000176,35,8,0,0
934,4,8,5,124,119.36959999999999,18,2,2,1
935,4,8,6,166,53.13220000000001,41,16,0,0
936,4,9,0,29,55.488000000000056,29,0,0,0
937,4,10,0,28,53.81309999999985,28,0,0,0
938,4,10,1,55,165.39089999999987,26,2,2,1
939,4,10,2,57,100.35260000000017,1,1,4,1
940,4,10,3,82,88.10620000000017,24,12,1,1
941,4,10,4,113,52.65489999999954,30,1,0,0
942,4,10,5,139,106.54170000000067,25,12,2,1
943,4,10,6,168,112.42289999999957,28,7,1,1
944,4,11,0,27,69.46609999999987,27,0,0,0
945,4,11,1,41,68.08679999999981,13,0,0,0
946,4,11,2,52,155.99530000000004,10,2,2,1
947,4,11,3,54,175.1509000000001,1,1,4,1
948,4,11,4,67,130.27129999999988,12,6,4,1
949,4,11,5,80,111.53630000000067,12,6,2,1
950,4,11,6,98,68.78980000000047,17,0,0,0
951,4,11,7,116,77.22279999999955,17,0,117,1
952,4,11,8,120,126.04940000000079,3,3,121,1
953,4,11,9,128,109.51879999999983,7,5,2,1
954,4,11,10,135,111.23890000000029,6,3,3,1
955,4,11,11,154,67.79910000000018,18,5,0,0
956,4,11,12,164,105.96340000000055,9,4,4,1
957,4,11,13,175,124.55119999999988,10,2,2,1
958,4,12,0,30,53.29179999999997,30,0,0,0
959,4,12,1,55,167.28719999999976,24,2,2,1
960,4,12,2,57,99.84349999999995,1,1,4,1
961,4,12,3,69,109.79379999999992,11,5,3,1
962,4,12,4,105,53.14669999999933,35,8,0,0
963,4,12,5,139,106.70399999999972,33,12,2,1
964,4,12,6,168,112.26569999999992,28,7,1,1
965,4,14,0,28,67.75469999999996,28,0,0,0
966,4,14,1,54,146.34709999999995,25,2,2,1
967,4,14,2,58,78.33820000000014,3,3,6,1
968,4,14,3,82,96.84220000000005,23,11,1,1
969,4,14,4,112,68.34900000000016,29,1,0,0
970,4,14,5,140,78.05769999999939,27,14,4,1
971,4,14,6,146,118.33519999999953,5,4,3,1
972,4,14,7,168,120.07320000000072,21,1,1,1
973,4,15,0,29,55.86459999999988,29,0,0,0
974,4,15,1,55,170.98779999999988,25,2,2,1
975,4,15,2,57,98.26510000000007,1,1,4,1
976,4,15,3,82,87.79939999999988,24,12,1,1
977,4,15,4,114,53.94260000000031,31,1,0,0
978,4,15,5,132,81.19610000000011,17,8,1,1
979,4,15,6,149,62.7482,16,10,0,0
980,4,15,7,169,59.576600000000326,19,3,3,1
981,4,15,8,181,112.86909999999989,11,3,2,1
982,4,16,0,29,52.80919999999992,29,0,0,0
983,4,16,1,55,184.13740000000007,25,3,3,1
984,4,16,2,57,99.4693000000002,1,1,5,1
985,4,16,3,82,83.91820000000007,24,12,1,1
986,4,16,4,114,52.78369999999995,31,1,0,0
987,4,16,5,139,107.07240000000002,24,12,2,1
988,4,16,6,168,112.16090000000077,28,7,1,1
989,4,17,0,24,69.08960000000002,24,0,0,0
990,4,17,1,54,200.6217999999999,29,3,3,1
991,4,17,2,58,80.404,3,3,7,1
992,4,17,3,69,124.8757999999998,10,4,3,1
993,4,17,4,82,95.70880000000034,12,6,1,1
994,4,17,5,111,69.7444000000005,28,1,0,0
995,4,17,6,131,98.90350000000035,19,8,1,1
996,4,17,7,138,110.3831999999993,6,3,2,1
997,4,17,8,141,80.5599000000002,2,2,5,1
998,4,17,9,169,71.17119999999886,27,8,4,1
999,4,17,10,188,138.96309999999903,18,9,4,1
1000,4,18,0,30,68.20370000000003,30,0,0,0
1001,4,18,1,55,190.6302999999998,24,3,3,1
1002,4,18,2,57,110.20649999999978,1,1,5,1
1003,4,18,3,82,99.46050000000014,24,12,1,1
1004,4,18,4,114,66.2440000000006,31,1,0,0
1005,4,18,5,125,150.48649999999998,10,3,3,1
1006,4,18,6,127,128.03409999999985,1,1,5,1
1007,4,18,7,129,77.8716000000004,1,1,0,0
1008,4,18,8,132,83.58180000000084,2,2,2,1
1009,4,18,9,168,123.83079999999973,35,11,1,1
1010,4,19,0,29,68.32510000000002,29,0,0,0
1011,4,19,1,55,168.38360000000011,25,2,2,1
1012,4,19,2,56,191.66219999999976,0,0,3,1
1013,4,19,3,57,171.0636000000004,0,0,4,1
1014,4,19,4,59,104.5329999999999,1,1,6,1
1015,4,19,5,82,98.95460000000003,22,10,1,1
1016,4,19,6,114,66.91920000000027,31,1,0,0
1017,4,19,7,124,129.33240000000023,9,2,2,1
1018,4,19,8,166,64.35130000000026,41,16,167,1
1019,4,20,0,30,53.227499999999964,30,0,0,0
1020,4,20,1,55,149.61419999999998,24,2,2,1
1021,4,20,2,57,102.24010000000044,1,1,4,1
1022,4,20,3,82,87.53790000000026,24,12,1,1
1023,4,20,4,114,52.97739999999976,31,1,0,0
1024,4,20,5,139,106.02689999999984,24,12,2,1
1025,4,20,6,143,83.70930000000044,3,2,144,1
1026,4,20,7,146,109.59519999999975,2,2,147,1
1027,4,20,8,161,54.1900999999998,14,0,0,0
1028,4,20,9,169,58.57309999999961,7,3,3,1
1029,4,21,0,31,53.09299999999985,31,0,0,0
1030,4,21,1,55,161.31860000000006,23,2,2,1
1031,4,21,2,57,100.62419999999975,1,1,4,1
1032,4,21,3,82,86.79879999999957,24,12,1,1
1033,4,21,4,114,52.947799999999916,31,1,0,0
1034,4,21,5,124,117.74699999999939,9,2,2,1
1035,4,21,6,168,112.17469999999958,43,17,1,1
1036,4,21,7,191,52.63879999999881,22,10,0,0
1037,4,22,0,32,80.39649999999983,32,0,0,0
1038,4,22,1,55,195.8804,22,3,3,1
1039,4,22,2,57,107.27439999999979,1,1,5,1
1040,4,22,3,82,95.48350000000028,24,12,1,1
1041,4,22,4,114,64.51590000000033,31,1,0,0
1042,4,22,5,139,116.50480000000061,24,12,2,1
1043,4,22,6,168,122.5617999999995,28,7,1,1
1044,4,24,0,28,65.28679999999986,28,0,0,0
1045,4,24,1,55,186.67360000000008,26,3,3,1
1046,4,24,2,57,109.36819999999989,1,1,5,1
1047,4,24,3,82,94.33149999999932,24,12,1,1
1048,4,24,4,114,65.64489999999932,31,1,0,0
1049,4,26,0,30,52.81209999999987,30,0,0,0
1050,4,26,1,55,148.31140000000005,24,2,2,1
1051,4,26,2,57,102.25690000000031,1,1,4,1
1052,4,26,3,82,87.88879999999972,24,12,1,1
1053,4,26,4,113,52.978799999999865,30,1,0,0
1054,4,26,5,139,107.50200000000041,25,12,2,1
1055,4,26,6,168,112.12389999999868,28,7,1,1
1056,4,27,0,29,55.76499999999987,29,0,0,0
1057,4,27,1,55,166.6859999999997,25,2,2,1
1058,4,27,2,57,100.79790000000003,1,1,4,1
1059,4,27,3,82,86.32639999999992,24,12,1,1
1060,4,27,4,113,53.495200000000295,30,1,0,0
1061,4,27,5,124,117.42010000000028,10,2,2,1
1062,4,27,6,168,112.33569999999963,43,17,1,1
1063,4,28,0,30,53.34979999999996,30,0,0,0
1064,4,28,1,55,158.5612000000001,24,2,2,1
1065,4,28,2,57,101.28420000000006,1,1,4,1
1066,4,28,3,82,89.41550000000007,24,12,1,1
1067,4,28,4,113,52.05839999999989,30,1,0,0
1068,4,29,0,30,52.64429999999993,30,0,0,0
1069,4,29,1,55,144.6854000000003,24,2,2,1
1070,4,29,2,57,103.69440000000031,1,1,4,1
1071,4,29,3,82,88.96159999999963,24,12,1,1
1072,4,29,4,113,52.0663999999997,30,1,0,0
1073,4,29,5,139,107.47609999999986,25,12,2,1
1074,4,29,6,168,112.25460000000021,28,7,1,1
1075,4,40,0,28,125.61650000000009,28,0,0,0
1076,4,40,1,34,54.367300000000114,5,0,0,0
1077,4,40,2,52,153.92869999999994,17,2,2,1
1078,4,40,3,56,77.92310000000043,3,3,6,1
1079,4,40,4,67,149.14199999999983,10,4,3,1
1080,4,40,5,72,107.9380000000001,4,4,8,1
1081,4,40,6,81,112.47019999999975,8,2,2,1
1082,4,40,7,108,262.5721999999996,26,0,0,0
1083,4,40,8,117,129.65400000000045,8,3,3,1
1084,4,40,9,125,104.8756000000003,7,5,1,1
1085,4,40,10,133,112.85319999999956,7,4,3,1
1086,4,40,11,134,317.2909000000009,0,0,4,1
1087,4,44,0,28,131.64280000000008,28,0,0,0
1088,4,44,1,53,205.92380000000003,24,3,3,1
1089,4,44,2,55,112.35040000000026,1,1,5,1
1090,4,44,3,68,138.40440000000035,12,6,4,1
1091,4,44,4,98,77.29939999999988,29,7,0,0
1092,4,50,0,30,67.25790000000006,30,0,0,0
1093,4,50,1,55,196.89620000000014,24,3,3,1
1094,4,50,2,57,110.48779999999988,1,1,5,1
1095,4,63,0,29,71.40829999999983,29,0,0,0
1096,4,63,1,54,151.8831,24,2,2,1
1097,4,63,2,58,83.51909999999998,3,3,6,1
1098,4,63,3,69,132.30229999999983,10,4,3,1
1099,4,63,4,82,95.62920000000031,12,6,1,1
1100,4,63,5,113,99.48359999999957,30,1,0,0
1101,4,63,6,123,135.13450000000012,9,2,2,1
1102,4,63,7,131,97.18079999999918,7,5,1,1
1103,4,63,8,132,94.23880000000099,0,0,2,1
1104,4,63,9,134,54.355099999999766,1,0,0,0
1105,4,63,10,144,128.73010000000068,9,8,3,1
1106,4,63,11,168,75.60170000000107,23,3,3,1
1107,4,63,12,187,144.79399999999987,18,9,4,1
1108,4,77,0,32,153.09379999999987,32,0,0,0
1109,4,77,1,34,57.262100000000146,1,0,0,0
1110,4,83,0,31,54.15910000000008,31,0,0,0
1111,4,83,1,55,185.837,23,3,3,1
1112,4,83,2,57,98.88009999999986,1,1,5,1
1113,4,83,3,82,85.47920000000067,24,12,1,1
1114,4,83,4,108,54.77680000000055,25,1,0,0
1115,4,83,5,124,116.42119999999977,15,2,2,1
1116,4,88,0,30,66.30670000000009,30,0,0,0
1117,4,88,1,55,201.52250000000004,24,3,3,1
1118,4,88,2,57,108.08629999999994,1,1,5,1
1119,4,88,3,82,96.2536,24,12,1,1
1120,4,88,4,113,69.09859999999935,30,1,0,0
1121,4,88,5,139,116.09349999999995,25,13,2,1
1122,4,88,6,168,127.31259999999929,28,7,1,1
1123,4,88,7,170,113.90880000000107,1,1,3,1
1124,4,98,0,29,54.84539999999993,29,0,0,0
1125,4,98,1,55,147.60559999999987,25,2,2,1
1126,4,98,2,57,102.67359999999962,1,1,4,1
1127,4,98,3,82,89.46900000000005,24,12,1,1
1128,4,98,4,112,52.508600000000115,29,1,0,0
1129,4,98,5,139,107.1951999999992,26,12,2,1
1130,4,98,6,168,110.95919999999933,28,7,1,1
1131,5,1,0,32,55.32029999999986,32,0,0,0
1132,5,1,1,50,118.29439999999977,17,2,2,1
1133,5,1,2,70,116.6221999999998,19,11,2,1
1134,5,1,3,101,53.66730000000098,30,2,0,0
1135,5,1,4,135,53.0640999999996,33,0,0,0
1136,5,1,5,170,53.48769999999968,34,21,0,0
1137,5,3,0,31,55.3143,31,0,0,0
1138,5,3,1,50,117.7799,18,2,2,1
1139,5,3,2,94,53.546299999999974,43,14,0,0
1140,5,3,3,128,54.07290000000103,33,0,0,0
1141,5,3,4,146,378.9454000000005,17,6,147,1
1142,5,4,0,33,53.84360000000015,33,0,0,0
1143,5,4,1,50,111.63979999999992,16,3,3,1
1144,5,4,2,93,54.778300000000854,42,14,0,0
1145,5,4,3,127,54.3729000000003,33,0,0,0
1146,5,4,4,172,54.381099999998696,44,21,0,0
1147,5,6,0,33,65.42650000000003,33,0,0,0
1148,5,6,1,50,121.61609999999973,16,3,3,1
1149,5,6,2,70,123.95389999999998,19,11,2,1
1150,5,6,3,106,64.29489999999987,35,2,0,0
1151,5,6,4,137,66.82960000000094,30,0,0,0
1152,5,6,5,180,63.05999999999949,42,21,0,0
1153,5,6,6,191,124.02199999999903,10,3,3,1
1154,5,7,0,36,71.49680000000012,36,0,0,0
1155,5,7,1,53,127.08759999999984,16,7,7,1
1156,5,7,2,60,118.7171000000003,6,3,2,1
1157,5,7,3,89,75.62830000000031,28,7,0,0
1158,5,7,4,96,74.0652,6,0,0,0
1159,5,7,5,107,86.22689999999966,10,0,0,0
1160,5,7,6,120,81.67450000000008,12,0,0,0
1161,5,7,7,138,177.15000000000055,17,5,5,1
1162,5,7,8,180,83.35210000000006,41,15,0,0
1163,5,7,9,185,118.07060000000092,4,4,4,1
1164,5,9,0,32,55.841499999999996,32,0,0,0
1165,5,9,1,50,111.4340000000002,17,3,3,1
1166,5,9,2,95,53.55119999999988,44,14,0,0
1167,5,9,3,130,53.59259999999995,34,0,0,0
1168,5,9,4,160,92.79640000000109,29,20,6,1
1169,5,10,0,34,67.29809999999998,34,0,0,0
1170,5,10,1,53,125.47469999999976,18,6,6,1
1171,5,12,0,32,56.16520000000014,32,0,0,0
1172,5,12,1,50,116.16040000000021,17,2,2,1
1173,5,12,2,94,52.474600000000464,43,14,0,0
1174,5,12,3,129,53.474600000000464,34,0,0,0
1175,5,12,4,171,52.42209999999977,41,20,0,0
1176,5,13,0,29,55.34170000000017,29,0,0,0
1177,5,13,1,50,110.81060000000025,20,3,3,1
1178,5,14,0,30,55.55539999999996,30,0,0,0
1179,5,14,1,50,118.72370000000001,19,2,2,1
1180,5,14,2,90,55.19759999999951,39,14,0,0
1181,5,14,3,98,57.65549999999985,7,0,0,0
1182,5,14,4,130,54.47860000000037,31,0,0,0
1183,5,14,5,143,75.7493000000004,12,5,5,1
1184,5,14,6,172,54.17569999999978,28,15,0,0
1185,5,15,0,35,65.72739999999999,35,0,0,0
1186,5,15,1,50,122.82639999999992,14,3,3,1
1187,5,15,2,70,123.6239999999998,19,11,2,1
1188,5,15,3,106,65.94769999999971,35,2,0,0
1189,5,15,4,138,66.49150000000009,31,0,139,1
1190,5,15,5,173,63.93000000000029,34,20,0,0
1191,5,17,0,34,76.4384,34,0,0,0
1192,5,17,1,53,127.45000000000027,18,7,7,1
1193,5,17,2,70,125.18080000000009,16,8,2,1
1194,5,17,3,103,70.77820000000065,32,2,0,0
1195,5,17,4,136,69.4364000000005,32,0,0,0
1196,5,17,5,140,120.36999999999989,3,3,3,1
1197,5,17,6,142,123.65729999999985,1,1,5,1
1198,5,17,7,187,68.57569999999942,44,15,188,1
1199,5,17,8,191,118.37119999999959,3,3,192,1
1200,5,18,0,32,56.71060000000011,32,0,0,0
1201,5,18,1,50,111.32760000000007,17,3,3,1
1202,5,18,2,97,53.09009999999944,46,14,0,0
1203,5,18,3,133,53.80320000000029,35,0,0,0
1204,5,19,0,34,56.630499999999984,34,0,0,0
1205,5,19,1,70,114.44700000000012,35,15,2,1
1206,5,19,2,108,55.18469999999979,37,2,0,0
1207,5,19,3,141,119.31780000000072,32,2,2,1
1208,5,19,4,152,95.61200000000008,10,9,6,1
1209,5,19,5,197,55.261499999998705,44,12,0,0
1210,5,20,0,31,57.055900000000065,31,0,0,0
1211,5,20,1,50,120.08269999999993,18,2,2,1
1212,5,20,2,92,53.94980000000032,41,14,0,0
1213,5,20,3,127,53.9338000000007,34,0,0,0
1214,5,20,4,173,52.65760000000046,45,20,0,0
1215,5,21,0,34,54.70670000000018,34,0,0,0
1216,5,21,1,50,114.80459999999994,15,2,2,1
1217,5,21,2,94,55.55330000000049,43,14,0,0
1218,5,21,3,96,54.23559999999998,1,0,0,0
1219,5,21,4,129,53.620599999999286,32,0,0,0
1220,5,21,5,177,54.1872000000003,47,20,0,0
1221,5,21,6,190,112.75430000000051,12,3,3,1
1222,5,21,7,191,120.6265999999996,0,0,4,1
1223,5,22,0,31,57.54179999999997,31,0,0,0
1224,5,22,1,50,117.97340000000031,18,2,2,1
1225,5,22,2,93,53.041299999999865,42,14,0,0
1226,5,22,3,128,52.33510000000024,34,0,0,0
1227,5,22,4,175,52.33170000000064,46,20,0,0
1228,5,23,0,31,53.81280000000015,31,0,0,0
1229,5,23,1,50,110.80070000000023,18,3,3,1
1230,5,23,2,91,53.95809999999983,40,14,0,0
1231,5,23,3,121,53.64460000000054,29,0,0,0
1232,5,23,4,141,117.16660000000047,19,3,3,1
1233,5,23,5,157,105.21830000000045,15,13,3,1
1234,5,23,6,160,86.67909999999938,2,2,6,1
1235,5,23,7,195,53.09810000000107,34,5,0,0
1236,5,24,0,32,66.32199999999989,32,0,0,0
1237,5,24,1,50,123.50319999999965,17,3,3,1
1238,5,24,2,93,66.23580000000038,42,14,0,0
1239,5,24,3,125,64.53049999999985,31,0,0,0
1240,5,25,0,34,68.92540000000008,34,0,0,0
1241,5,25,1,50,123.10850000000028,15,3,3,1
1242,5,25,2,70,123.4076,19,11,2,1
1243,5,25,3,106,67.34929999999986,35,2,0,0
1244,5,25,4,141,187.34929999999986,34,2,2,1
1245,5,25,5,157,122.26130000000012,15,13,3,1
1246,5,25,6,196,59.46849999999904,38,7,0,0
1247,5,26,0,31,69.02260000000001,31,0,0,0
1248,5,26,1,53,127.21280000000024,21,6,6,1
1249,5,26,2,54,105.8114999999998,0,0,7,1
1250,5,26,3,70,123.3099000000002,15,7,2,1
1251,5,26,4,101,73.15470000000005,30,2,0,0
1252,5,26,5,134,79.3176999999996,32,0,0,0
1253,5,26,6,150,105.80290000000059,15,12,5,1
1254,5,26,7,156,112.59150000000045,5,4,3,1
1255,5,26,8,180,68.13190000000031,23,3,0,0
1256,5,26,9,190,119.03969999999936,9,3,3,1
1257,5,27,0,34,67.04579999999987,34,0,0,0
1258,5,27,1,50,122.76879999999983,15,3,3,1
1259,5,27,2,95,67.41969999999947,44,14,0,0
1260,5,27,3,130,66.15599999999995,34,0,0,0
1261,5,27,4,174,63.95839999999953,43,21,0,0
1262,5,28,0,32,66.3121000000001,32,0,0,0
1263,5,28,1,50,121.55060000000003,17,3,3,1
1264,5,28,2,94,64.47580000000016,43,14,0,0
1265,5,28,3,130,64.02059999999983,35,0,0,0
1266,5,28,4,172,63.661699999998746,41,20,0,0
1267,5,29,0,34,68.96309999999994,34,0,0,0
1268,5,29,1,50,123.28940000000011,15,3,3,1
1269,5,29,2,70,125.26260000000002,19,11,2,1
1270,5,29,3,106,65.66339999999946,35,2,0,0
1271,5,29,4,141,134.01319999999942,34,2,2,1
1272,5,29,5,176,65.9327000000012,34,17,0,0
1273,5,30,0,33,54.809999999999945,33,0,0,0
1274,5,32,0,34,102.78579999999988,34,0,0,0
1275,5,32,1,35,69.5476000000001,0,0,0,0
1276,5,32,2,52,126.51600000000008,16,7,7,1
1277,5,32,3,60,116.51080000000002,7,4,3,1
1278,5,32,4,98,68.41989999999987,37,6,0,0
1279,5,32,5,110,368.7690999999995,11,0,0,0
1280,5,33,0,31,70.61329999999998,31,0,0,0
1281,5,33,1,46,429.05770000000007,14,0,47,1
1282,5,59,0,30,60.04520000000002,30,0,0,0
1283,5,59,1,53,113.32810000000018,22,7,7,1
1284,5,59,2,60,111.42509999999993,6,3,2,1
1285,5,59,3,62,98.2461000000003,1,1,4,1
1286,5,59,4,98,57.01230000000032,35,5,0,0
1287,5,59,5,129,55.05169999999998,30,0,0,0
1288,5,59,6,156,106.26109999999971,26,16,3,1
1289,5,59,7,158,101.86219999999958,1,1,5,1
1290,5,59,8,190,116.91090000000077,31,4,3,1
1291,5,59,9,196,54.96340000000055,5,1,0,0
1292,5,60,0,34,66.66160000000013,34,0,0,0
1293,5,60,1,53,127.53240000000005,18,6,6,1
1294,5,60,2,96,66.72929999999997,42,11,0,0
1295,5,60,3,131,67.58559999999943,34,0,0,0
1296,5,60,4,158,113.55329999999958,26,18,4,1
1297,5,60,5,196,60.46150000000125,37,7,0,0
1298,5,64,0,34,67.2971,34,0,0,0
1299,5,64,1,53,126.04269999999997,18,6,6,1
1300,5,64,2,96,66.35670000000027,42,11,0,0
1301,5,64,3,131,66.95679999999993,34,0,0,0
1302,5,64,4,157,150.95230000000083,25,17,3,1
1303,5,64,5,197,60.30169999999998,39,7,0,0
1304,5,66,0,33,69.11890000000017,33,0,0,0
1305,5,66,1,53,125.30469999999968,19,7,7,1
1306,5,66,2,70,123.66679999999997,16,8,2,1
1307,5,66,3,104,64.93339999999989,33,2,0,0
1308,5,66,4,136,65.9407999999994,31,0,0,0
1309,5,66,5,168,64.50400000000081,31,21,0,0
1310,5,88,0,32,67.51440000000002,32,0,0,0
1311,5,88,1,50,123.0612000000001,17,3,3,1
1312,5,88,2,60,120.1532000000002,9,6,2,1
1313,5,88,3,93,67.8118000000004,32,7,0,0
1314,5,88,4,124,65.5636999999997,30,0,0,0
1315,5,88,5,141,118.40309999999954,16,3,3,1
1316,5,88,6,171,65.64379999999983,29,17,0,0
1317,5,88,7,191,124.28080000000045,19,3,3,1
1318,5,98,0,32,55.33279999999991,32,0,0,0
1319,5,98,1,50,111.43029999999999,17,3,3,1
1320,5,98,2,92,54.418799999999464,41,14,0,0
1321,5,98,3,125,54.60620000000017,32,0,0,0
1322,5,98,4,170,53.54999999999927,44,20,0,0
