,car_number,completed_laps,rank,elapsed_time,rank_diff,time_diff
0,1,0,1,0.0,0.0,0.0
24,1,1,1,63.6534,0.0,63.6534
95,1,2,1,126.0809,0.0,62.4275
154,1,3,1,187.5192,0.0,61.43830000000001
213,1,4,1,248.6149,0.0,61.095699999999994
273,1,5,1,309.657,0.0,61.04209999999998
335,1,6,1,370.2867,0.0,60.629700000000014
396,1,7,1,431.3511,0.0,61.06439999999998
456,1,8,1,492.1462,0.0,60.79510000000005
518,1,9,1,552.7227,0.0,60.57650000000001
578,1,10,1,614.0416,0.0,61.318899999999985
640,1,11,1,674.6216,0.0,60.57999999999993
700,1,12,1,735.2583,0.0,60.63670000000002
770,1,13,1,795.9957,0.0,60.73740000000009
836,1,14,1,858.372,0.0,62.3762999999999
897,1,15,1,919.7843,0.0,61.41230000000007
968,1,16,1,981.0499,0.0,61.26559999999995
1040,1,17,1,1042.5487,0.0,61.498800000000074
1104,1,18,1,1104.1345,0.0,61.585799999999836
1200,1,19,1,1165.558,0.0,61.423500000000104
1266,1,20,1,1227.2687,0.0,61.71070000000009
1338,1,21,1,1288.991,0.0,61.722299999999905
1409,1,22,1,1350.6409,0.0,61.649900000000116
1514,1,23,4,1433.9339,3.0,83.29299999999989
1577,1,24,3,1497.069,-1.0,63.135099999999966
1654,1,25,3,1558.6128,0.0,61.54380000000015
1720,1,26,3,1619.7585,0.0,61.145699999999806
1780,1,27,3,1681.2845,0.0,61.52600000000007
1845,1,28,3,1748.3659,0.0,67.08140000000003
1922,1,29,3,1852.2508,0.0,103.88490000000002
1961,1,30,1,1956.7847,-2.0,104.5338999999999
2087,1,31,1,2066.5326,0.0,109.74790000000007
2149,1,32,1,2169.9065,0.0,103.37390000000005
2231,1,33,5,2275.6374,4.0,105.73090000000002
2326,1,34,13,2367.0019,8.0,91.36450000000013
2397,1,35,13,2480.9928,0.0,113.99089999999978
2481,1,36,18,2633.9259,5.0,152.9331000000002
2541,1,37,17,2704.4356,-1.0,70.50969999999961
2601,1,38,16,2807.2728,-1.0,102.8372000000004
2656,1,39,16,2899.2318,0.0,91.95899999999983
2717,1,40,14,2969.4604,-2.0,70.22859999999991
2778,1,41,14,3036.0872,0.0,66.6268
2837,1,42,14,3110.0175,0.0,73.93029999999999
2898,1,43,14,3202.7986,0.0,92.78110000000015
2953,1,44,14,3297.2904,0.0,94.49179999999978
3010,1,45,13,3363.41,-1.0,66.11959999999999
3072,1,46,13,3427.237,0.0,63.827000000000226
3132,1,47,13,3489.8138,0.0,62.57679999999982
3193,1,48,13,3551.9109,0.0,62.097099999999955
3254,1,49,13,3613.6353,0.0,61.72440000000006
3316,1,50,13,3675.0338,0.0,61.39850000000024
3378,1,51,13,3736.2054,0.0,61.17159999999967
3444,1,52,12,3797.4698,-1.0,61.26440000000002
3515,1,53,10,3859.1287,-2.0,61.65890000000036
3617,1,54,15,3942.5347,5.0,83.40599999999995
3687,1,55,15,4005.3592,0.0,62.824499999999716
3769,1,56,15,4066.3441,0.0,60.984899999999925
3832,1,57,13,4127.2766,-2.0,60.932500000000346
3901,1,58,13,4188.152,0.0,60.8753999999999
3966,1,59,13,4249.32,0.0,61.167999999999665
4026,1,60,13,4312.0943,0.0,62.77430000000004
4088,1,61,13,4374.2321,0.0,62.137800000000425
4152,1,62,13,4435.9597,0.0,61.727600000000166
4215,1,63,13,4498.1344,0.0,62.174699999999575
4278,1,64,12,4560.0564,-1.0,61.92200000000048
4344,1,65,12,4621.9598,0.0,61.90339999999924
4411,1,66,12,4683.6755,0.0,61.71570000000065
4472,1,67,11,4745.4334,-1.0,61.75789999999961
4541,1,68,11,4806.6866,0.0,61.253200000000106
4603,1,69,11,4868.3961,0.0,61.709499999999935
4666,1,70,11,4930.3382,0.0,61.94210000000021
4727,1,71,11,4991.6115,0.0,61.273299999999836
4788,1,72,11,5053.1677,0.0,61.55619999999999
4849,1,73,11,5115.662,0.0,62.494300000000294
4907,1,74,11,5178.3764,0.0,62.71439999999984
4969,1,75,11,5240.1048,0.0,61.728399999999965
5030,1,76,10,5302.0742,-1.0,61.96939999999995
5096,1,77,10,5363.6267,0.0,61.55249999999978
5160,1,78,10,5424.8855,0.0,61.25880000000052
5221,1,79,10,5485.9183,0.0,61.03279999999995
5280,1,80,10,5547.5812,0.0,61.662899999999354
5340,1,81,10,5609.1063,0.0,61.52510000000075
5399,1,82,10,5670.5231,0.0,61.41679999999997
5459,1,83,10,5732.1372,0.0,61.61409999999978
5519,1,84,9,5793.5324,-1.0,61.39519999999993
5582,1,85,9,5855.8855,0.0,62.35310000000027
11,4,0,12,0.9026,0.0,0.0
71,4,1,12,70.1302,0.0,69.2276
138,4,2,13,134.5598,1.0,64.4296
196,4,3,13,196.9749,0.0,62.415099999999995
256,4,4,13,258.9173,0.0,61.94240000000002
314,4,5,13,321.0029,0.0,62.0856
378,4,6,13,382.4263,0.0,61.423400000000015
439,4,7,13,443.8291,0.0,61.40279999999996
498,4,8,13,505.5962,0.0,61.76710000000003
559,4,9,13,567.5214,0.0,61.92519999999996
621,4,10,13,629.2989,0.0,61.77750000000003
682,4,11,13,691.2747,0.0,61.97580000000005
748,4,12,14,753.9087,1.0,62.6339999999999
819,4,13,15,816.7726,1.0,62.86390000000006
882,4,14,15,878.9851,0.0,62.21249999999998
944,4,15,14,940.7988,-1.0,61.81370000000004
1014,4,16,13,1003.1983,-1.0,62.39949999999999
1084,4,17,13,1065.5271,0.0,62.3288
1151,4,18,10,1127.5495,-3.0,62.02240000000006
1239,4,19,10,1189.9406,0.0,62.391099999999824
1307,4,20,9,1252.2717,-1.0,62.331100000000106
1402,4,21,20,1337.6812,11.0,85.40949999999998
1475,4,22,19,1402.0332,-1.0,64.35200000000009
1557,4,23,18,1463.8586,-1.0,61.825399999999945
1617,4,24,17,1525.9872,-1.0,62.128600000000006
1680,4,25,16,1587.4044,-1.0,61.417199999999866
1743,4,26,16,1648.9723,0.0,61.56790000000001
1805,4,27,16,1710.7727,0.0,61.80040000000008
1875,4,28,15,1776.6302,-1.0,65.85750000000007
1945,4,29,15,1864.6833,0.0,88.05309999999986
2022,4,30,9,1964.1036,-6.0,99.4203
2123,4,31,9,2075.8007,0.0,111.69709999999986
2186,4,32,9,2182.3877,0.0,106.58700000000044
2235,4,33,9,2276.5463,0.0,94.15859999999975
2348,4,34,18,2384.7922,9.0,108.24589999999989
2407,4,35,18,2486.6752,0.0,101.88300000000027
2468,4,36,16,2617.2267,-2.0,130.55150000000003
2533,4,37,15,2699.3127,-1.0,82.08599999999979
2607,4,38,18,2809.1893,3.0,109.87660000000005
2659,4,39,18,2900.1256,0.0,90.93629999999985
2730,4,40,18,2971.972,0.0,71.84640000000036
2787,4,41,17,3038.3806,-1.0,66.40859999999975
2849,4,42,17,3114.9523,0.0,76.57169999999996
2909,4,43,17,3221.8431,0.0,106.89080000000013
2962,4,44,17,3300.0908,0.0,78.2476999999999
3024,4,45,17,3367.4411,0.0,67.35030000000006
3083,4,46,17,3431.5716,0.0,64.13050000000021
3145,4,47,17,3494.4602,0.0,62.88859999999977
3204,4,48,17,3557.3339,0.0,62.8737000000001
3267,4,49,17,3619.7359,0.0,62.402000000000044
3329,4,50,17,3682.2062,0.0,62.47029999999995
3389,4,51,16,3744.2479,-1.0,62.041699999999764
3456,4,52,14,3806.1582,-2.0,61.91030000000001
3529,4,53,12,3868.491,-2.0,62.332800000000134
3598,4,54,10,3932.1702,-2.0,63.67920000000004
3675,4,55,10,3994.5753,0.0,62.40509999999995
3746,4,56,8,4056.4025,-2.0,61.827200000000175
3818,4,57,7,4118.8211,-1.0,62.41859999999997
3886,4,58,6,4181.06,-1.0,62.238900000000285
3949,4,59,6,4245.4558,0.0,64.39579999999933
4014,4,60,6,4307.7164,0.0,62.26060000000052
4079,4,61,7,4370.6718,1.0,62.95539999999983
4146,4,62,9,4434.0379,2.0,63.36610000000019
4211,4,63,10,4496.7912,1.0,62.7532999999994
4292,4,64,17,4580.4875,7.0,83.69630000000052
4356,4,65,17,4643.7621,0.0,63.27459999999974
4421,4,66,17,4705.1272,0.0,61.365099999999984
4489,4,67,16,4767.1128,-1.0,61.98559999999998
4552,4,68,16,4828.7296,0.0,61.616799999999785
4614,4,69,16,4890.0907,0.0,61.36110000000008
4677,4,70,16,4951.214,0.0,61.1233000000002
4738,4,71,16,5012.2728,0.0,61.05879999999979
4799,4,72,16,5074.2155,0.0,61.942700000000514
4859,4,73,16,5135.124,0.0,60.90849999999955
4919,4,74,16,5196.9061,0.0,61.782100000000355
4980,4,75,16,5259.2513,0.0,62.34519999999975
5046,4,76,15,5321.4629,-1.0,62.211600000000544
5107,4,77,15,5383.6759999999995,0.0,62.21309999999903
5172,4,78,15,5446.6259,0.0,62.949900000000525
5234,4,79,15,5508.4049,0.0,61.77900000000045
5292,4,80,15,5569.6455,0.0,61.240599999999176
5352,4,81,15,5631.6108,0.0,61.96530000000075
5411,4,82,15,5693.2089,0.0,61.59809999999925
5471,4,83,15,5754.795999999999,0.0,61.58709999999974
5536,4,84,15,5816.6069,0.0,61.8109000000004
5595,4,85,15,5879.3849,0.0,62.77800000000025
8,5,0,9,0.7617,0.0,0.0
67,5,1,10,68.8019,1.0,68.0402
130,5,2,10,131.3338,0.0,62.53189999999999
191,5,3,10,193.5829,0.0,62.2491
250,5,4,10,255.55,0.0,61.967100000000016
309,5,5,10,317.0606,0.0,61.51060000000001
373,5,6,10,378.8667,0.0,61.80609999999996
433,5,7,10,440.5393,0.0,61.672600000000045
492,5,8,10,502.3055,0.0,61.76619999999997
554,5,9,10,563.7461,0.0,61.44059999999996
615,5,10,10,625.4398,0.0,61.693700000000035
676,5,11,10,686.926,0.0,61.48620000000005
739,5,12,10,748.7763,0.0,61.85029999999995
808,5,13,10,810.5455,0.0,61.769199999999955
873,5,14,10,872.4104,0.0,61.864900000000034
963,5,15,21,955.7548,11.0,83.34440000000006
1035,5,16,21,1017.5427,0.0,61.78789999999992
1099,5,17,21,1078.3539,0.0,60.8112000000001
1188,5,18,19,1139.089,-2.0,60.735099999999875
1254,5,19,18,1200.4577,-1.0,61.36869999999999
1327,5,20,18,1261.993,0.0,61.53530000000001
1393,5,21,17,1323.5638,-1.0,61.57079999999996
1467,5,22,16,1385.3961,-1.0,61.83230000000003
1543,5,23,14,1447.3492,-2.0,61.95310000000018
1611,5,24,14,1510.5259,0.0,63.17669999999998
1671,5,25,13,1572.2301,-1.0,61.7041999999999
1737,5,26,13,1634.6141,0.0,62.384000000000015
1799,5,27,13,1696.4833,0.0,61.86920000000009
1868,5,28,12,1767.8958,-1.0,71.41249999999991
1939,5,29,12,1862.3438,0.0,94.44800000000009
2005,5,30,6,1962.2779999999998,-6.0,99.93419999999969
2117,5,31,6,2073.2154,0.0,110.93740000000025
2180,5,32,6,2178.68,0.0,105.46459999999979
2223,5,33,4,2275.5497,-2.0,96.8697000000002
2297,5,34,5,2359.0086,1.0,83.45890000000009
2382,5,35,6,2473.7526,1.0,114.74399999999969
2443,5,36,6,2586.4417,0.0,112.68910000000005
2515,5,37,6,2691.4616,0.0,105.01990000000023
2581,5,38,6,2795.7562,0.0,104.29459999999972
2640,5,39,6,2893.637,0.0,97.88080000000036
2699,5,40,7,2961.9352,1.0,68.29819999999972
2766,5,41,7,3026.9391,0.0,65.00390000000016
2826,5,42,7,3098.5545,0.0,71.61540000000014
2885,5,43,7,3197.3055,0.0,98.75099999999975
2944,5,44,7,3294.9687,0.0,97.66319999999996
2999,5,45,7,3359.4722,0.0,64.50350000000026
3061,5,46,7,3421.9599,0.0,62.48769999999968
3121,5,47,7,3484.0133,0.0,62.05340000000024
3182,5,48,7,3545.3818,0.0,61.36850000000004
3242,5,49,7,3606.8152,0.0,61.43339999999989
3305,5,50,7,3668.1189,0.0,61.303699999999935
3366,5,51,7,3729.3176,0.0,61.19869999999992
3430,5,52,6,3790.8088,-1.0,61.491199999999935
3539,5,53,14,3874.2705,8.0,83.46170000000029
3608,5,54,12,3936.7843,-2.0,62.51379999999972
3681,5,55,12,3999.3116,0.0,62.527300000000196
3756,5,56,10,4060.5082,-2.0,61.19660000000022
3826,5,57,10,4121.7453,0.0,61.23709999999937
3893,5,58,10,4183.3095,0.0,61.56420000000071
3953,5,59,8,4246.5481,-2.0,63.23859999999968
4015,5,60,7,4308.1053,-1.0,61.55720000000019
4076,5,61,6,4369.0954,-1.0,60.990099999999984
4138,5,62,6,4430.1468,0.0,61.051400000000285
4202,5,63,6,4491.6267,0.0,61.47989999999936
4266,5,64,6,4552.9608,0.0,61.334100000000035
4333,5,65,6,4613.9165,0.0,60.955700000000434
4395,5,66,5,4674.9798,-1.0,61.0632999999998
4456,5,67,5,4736.3438,0.0,61.36399999999958
4528,5,68,5,4797.5522,0.0,61.20840000000044
4589,5,69,5,4858.4336,0.0,60.88140000000021
4652,5,70,5,4919.3153,0.0,60.88169999999991
4713,5,71,5,4980.1966,0.0,60.88130000000001
4772,5,72,5,5040.9548,0.0,60.758200000000215
4833,5,73,5,5101.88,0.0,60.92519999999968
4893,5,74,5,5162.9181,0.0,61.03809999999976
4953,5,75,5,5223.7173,0.0,60.79920000000038
5014,5,76,5,5284.6877,0.0,60.970400000000154
5081,5,77,5,5345.7053,0.0,61.01759999999922
5146,5,78,5,5407.0509,0.0,61.34560000000056
5206,5,79,5,5468.371,0.0,61.32009999999991
5265,5,80,5,5529.8287,0.0,61.45769999999993
5325,5,81,5,5590.9798,0.0,61.15110000000004
5385,5,82,5,5652.6912,0.0,61.71140000000014
5444,5,83,5,5715.3918,0.0,62.70060000000012
5502,5,84,4,5776.9502,-1.0,61.55839999999989
5567,5,85,4,5838.6462,0.0,61.69599999999991
9,6,0,10,0.6901,0.0,0.0
59,6,1,8,67.7335,-2.0,67.0434
127,6,2,8,130.1297,0.0,62.39620000000001
187,6,3,8,192.16299999999998,0.0,62.03329999999997
247,6,4,8,253.8724,0.0,61.70940000000002
306,6,5,8,315.4015,0.0,61.5291
369,6,6,8,376.7008,0.0,61.29930000000002
430,6,7,8,438.2725,0.0,61.571699999999964
489,6,8,8,499.67,0.0,61.397500000000036
550,6,9,8,560.9582,0.0,61.28820000000002
612,6,10,8,622.2819999999999,0.0,61.32379999999989
672,6,11,8,683.5889999999999,0.0,61.307000000000016
735,6,12,8,745.0854,0.0,61.49640000000011
804,6,13,8,806.5049,0.0,61.41949999999997
870,6,14,8,868.2547,0.0,61.74979999999994
930,6,15,8,929.8242,0.0,61.56950000000006
1033,6,16,20,1012.6404,12.0,82.81619999999998
1097,6,17,20,1074.6085,0.0,61.96810000000005
1182,6,18,17,1135.7005,-3.0,61.09199999999987
1252,6,19,17,1197.8129,0.0,62.11239999999998
1322,6,20,16,1259.6553,-1.0,61.8424
1389,6,21,15,1321.0634,-1.0,61.408100000000104
1463,6,22,14,1382.6311,-1.0,61.56770000000006
1533,6,23,11,1444.6176,-3.0,61.98649999999998
1606,6,24,11,1506.2394,0.0,61.621799999999894
1668,6,25,11,1568.1207,0.0,61.88130000000001
1734,6,26,11,1630.1217,0.0,62.000999999999976
1796,6,27,11,1692.1989,0.0,62.077200000000175
1862,6,28,10,1761.79,-1.0,69.59109999999987
1935,6,29,10,1859.0796,0.0,97.28960000000006
1998,6,30,5,1960.5872,-5.0,101.50759999999991
2115,6,31,5,2071.1742,0.0,110.58699999999999
2178,6,32,5,2176.1488,0.0,104.97460000000001
2222,6,33,3,2275.3706,-2.0,99.22180000000026
2288,6,34,2,2355.8284,-1.0,80.45779999999968
2353,6,35,2,2467.9621,0.0,112.13370000000032
2437,6,36,2,2582.7342,0.0,114.77209999999968
2488,6,37,2,2687.3981,0.0,104.66390000000001
2574,6,38,2,2791.6544,0.0,104.25630000000001
2614,6,39,2,2891.3728,0.0,99.7184000000002
2689,6,40,2,2956.5386,0.0,65.16579999999976
2756,6,41,2,3020.7228,0.0,64.18420000000015
2815,6,42,2,3092.3031,0.0,71.58030000000008
2856,6,43,2,3192.3456,0.0,100.04250000000002
2916,6,44,2,3292.6015,0.0,100.25590000000011
2991,6,45,2,3355.8043,0.0,63.20279999999957
3053,6,46,2,3417.9592,0.0,62.1549
3111,6,47,2,3479.4173,0.0,61.458100000000286
3173,6,48,2,3540.6055,0.0,61.18820000000005
3232,6,49,2,3601.4452,0.0,60.83969999999999
3295,6,50,2,3662.1279999999997,0.0,60.68279999999959
3357,6,51,2,3722.6845,0.0,60.55650000000014
3421,6,52,2,3783.5342,0.0,60.84970000000021
3492,6,53,2,3843.8847,0.0,60.35050000000001
3592,6,54,9,3925.8308,7.0,81.94610000000011
3671,6,55,9,3988.8114,0.0,62.98059999999987
3737,6,56,6,4051.09,-3.0,62.2786000000001
3810,6,57,5,4116.5665,-1.0,65.47649999999976
3878,6,58,4,4177.9191,-1.0,61.352600000000166
3942,6,59,3,4238.9622,-1.0,61.04309999999987
4008,6,60,3,4299.9372,0.0,60.975000000000364
4070,6,61,3,4361.2085,0.0,61.27129999999943
4132,6,62,3,4422.3349,0.0,61.1264000000001
4196,6,63,3,4483.3348,0.0,60.9998999999998
4260,6,64,3,4544.3277,0.0,60.99290000000019
4327,6,65,3,4605.0006,0.0,60.67290000000048
4391,6,66,3,4665.9436,0.0,60.9429999999993
4452,6,67,3,4726.7237,0.0,60.78009999999995
4524,6,68,3,4787.724,0.0,61.00030000000061
4584,6,69,3,4848.7149,0.0,60.99089999999978
4648,6,70,3,4909.5597,0.0,60.84479999999985
4709,6,71,3,4970.61,0.0,61.05029999999988
4768,6,72,3,5031.9267,0.0,61.31670000000031
4829,6,73,3,5092.9577,0.0,61.03099999999995
4889,6,74,3,5153.9799,0.0,61.02220000000034
4949,6,75,3,5215.1359999999995,0.0,61.15609999999924
5010,6,76,3,5276.3344,0.0,61.19840000000022
5077,6,77,3,5337.5537,0.0,61.21930000000066
5142,6,78,3,5398.225,0.0,60.671299999999974
5202,6,79,3,5459.0349,0.0,60.80989999999929
5261,6,80,3,5520.4755,0.0,61.440599999999904
5321,6,81,3,5581.7444,0.0,61.26890000000003
5379,6,82,3,5643.2578,0.0,61.51340000000073
5438,6,83,3,5704.4538,0.0,61.19599999999991
5498,6,84,3,5765.584,0.0,61.130199999999604
5563,6,85,3,5827.0853,0.0,61.5012999999999
1,9,0,2,0.0216,0.0,0.0
25,9,1,2,64.42699999999999,0.0,64.40539999999999
118,9,2,2,126.6972,0.0,62.2702
177,9,3,2,188.148,0.0,61.4508
236,9,4,2,249.4589,0.0,61.310900000000004
296,9,5,2,310.2183,0.0,60.7594
358,9,6,2,370.9772,0.0,60.75889999999998
419,9,7,2,431.9943,0.0,61.01710000000003
479,9,8,2,492.7264,0.0,60.7321
519,9,9,2,553.477,0.0,60.75059999999996
601,9,10,2,614.6843,0.0,61.20730000000003
641,9,11,2,675.4814,0.0,60.7971
723,9,12,2,736.3061,0.0,60.82470000000001
793,9,13,2,797.0024,0.0,60.69629999999995
859,9,14,2,858.8965,0.0,61.89409999999998
898,9,15,2,920.4443,0.0,61.54780000000005
991,9,16,2,981.9117,0.0,61.4674
1063,9,17,2,1043.8138,0.0,61.902099999999905
1127,9,18,2,1105.6705,0.0,61.856700000000046
1223,9,19,2,1167.3107,0.0,61.64020000000005
1289,9,20,2,1229.0957,0.0,61.78500000000008
1361,9,21,2,1291.0432,0.0,61.94749999999999
1432,9,22,2,1352.8703,0.0,61.82709999999997
1516,9,23,5,1435.3921,3.0,82.52179999999998
1585,9,24,4,1497.6843,-1.0,62.292199999999866
1655,9,25,4,1559.1147,0.0,61.43040000000019
1721,9,26,4,1620.3291,0.0,61.21439999999984
1781,9,27,4,1681.6584,0.0,61.3293000000001
1847,9,28,4,1749.2366,0.0,67.57819999999992
1924,9,29,4,1853.2604,0.0,104.02379999999994
1971,9,30,2,1958.0457,-2.0,104.7853
2110,9,31,2,2068.1108,0.0,110.06510000000003
2172,9,32,2,2171.7668,0.0,103.65599999999995
2213,9,33,1,2273.7355,-1.0,101.9686999999999
2265,9,34,1,2354.0406,0.0,80.30510000000004
2352,9,35,1,2467.5348,0.0,113.49420000000009
2414,9,36,1,2580.9387,0.0,113.40390000000025
2487,9,37,1,2686.9016,0.0,105.96289999999999
2551,9,38,1,2790.6555,0.0,103.7538999999997
2613,9,39,1,2890.6232,0.0,99.96770000000015
2666,9,40,1,2954.9188,0.0,64.29559999999992
2733,9,41,1,3018.3958,0.0,63.47699999999986
2792,9,42,1,3091.0536,0.0,72.6578000000004
2855,9,43,1,3191.6922,0.0,100.63859999999977
2915,9,44,1,3292.0614,0.0,100.36920000000009
2968,9,45,1,3354.539,0.0,62.477600000000166
3030,9,46,1,3416.1292,0.0,61.59019999999964
3088,9,47,1,3477.3755,0.0,61.24630000000025
3150,9,48,1,3538.2153,0.0,60.83979999999974
3209,9,49,1,3598.673,0.0,60.45769999999993
3272,9,50,1,3659.2123,0.0,60.53930000000037
3334,9,51,1,3719.7948,0.0,60.58249999999998
3398,9,52,1,3780.2090000000003,0.0,60.414200000000164
3469,9,53,1,3840.8534,0.0,60.64439999999968
3548,9,54,1,3901.7569,0.0,60.903499999999894
3666,9,55,8,3985.5654,7.0,83.8085000000001
3727,9,56,4,4048.1705,-4.0,62.60510000000022
3804,9,57,3,4109.3302,-1.0,61.15970000000016
3869,9,58,2,4170.2094,-1.0,60.8791999999994
3914,9,59,1,4230.9277,-1.0,60.718300000000454
3981,9,60,1,4292.5512,0.0,61.623499999999694
4043,9,61,1,4353.7881,0.0,61.23689999999988
4105,9,62,1,4414.8721,0.0,61.08399999999983
4169,9,63,1,4475.742,0.0,60.8699000000006
4233,9,64,1,4536.7345,0.0,60.99249999999938
4300,9,65,1,4597.9001,0.0,61.16560000000027
4364,9,66,1,4660.2889,0.0,62.38879999999972
4427,9,67,1,4721.6769,0.0,61.38800000000083
4499,9,68,1,4782.995,0.0,61.318099999999504
4560,9,69,1,4844.265,0.0,61.27000000000044
4623,9,70,1,4905.6539,0.0,61.38889999999992
4684,9,71,1,4967.0051,0.0,61.35120000000006
4743,9,72,1,5028.6138,0.0,61.60869999999977
4804,9,73,1,5088.8738,0.0,60.26000000000022
4864,9,74,1,5149.7805,0.0,60.906699999999546
4924,9,75,1,5210.5203,0.0,60.73980000000029
4985,9,76,1,5271.2681,0.0,60.7478000000001
5052,9,77,1,5331.9894,0.0,60.721300000000156
5117,9,78,1,5393.3296,0.0,61.34019999999964
5177,9,79,1,5454.6537,0.0,61.32409999999982
5236,9,80,1,5516.3979,0.0,61.74420000000009
5294,9,81,1,5577.2858,0.0,60.88789999999972
5354,9,82,1,5637.8924,0.0,60.60660000000007
5413,9,83,1,5698.6967,0.0,60.804300000000694
5473,9,84,1,5759.5076,0.0,60.81089999999949
5538,9,85,1,5820.31,0.0,60.80240000000049
21,10,0,21,2.425,0.0,0.0
80,10,1,17,72.3256,-4.0,69.9006
144,10,2,17,136.0924,0.0,63.7668
202,10,3,17,198.8184,0.0,62.726
262,10,4,17,260.8546,0.0,62.03620000000001
321,10,5,16,322.8282,-1.0,61.973599999999976
383,10,6,16,384.31,0.0,61.48180000000002
444,10,7,16,445.9241,0.0,61.61410000000001
504,10,8,16,507.6161,0.0,61.69200000000001
564,10,9,16,569.3512,0.0,61.73509999999993
626,10,10,16,631.1485,0.0,61.797300000000064
687,10,11,16,693.0572,0.0,61.90869999999995
769,10,12,23,794.7705,7.0,101.7133
835,10,13,23,857.8316,0.0,63.06110000000001
896,10,14,23,918.8062,0.0,60.97460000000001
967,10,15,23,980.1646,0.0,61.35839999999996
1039,10,16,23,1041.8183,0.0,61.65369999999996
1103,10,17,23,1103.1644,0.0,61.34609999999998
1199,10,18,23,1164.5291,0.0,61.364700000000084
1265,10,19,23,1226.2543,0.0,61.725200000000086
1337,10,20,23,1287.7763,0.0,61.521999999999935
1408,10,21,23,1349.8952,0.0,62.11889999999994
1484,10,22,22,1412.4258,-1.0,62.53060000000005
1564,10,23,22,1474.1213,0.0,61.69550000000004
1627,10,24,22,1536.0420000000001,0.0,61.920700000000124
1694,10,25,22,1598.1371,0.0,62.095099999999775
1754,10,26,22,1659.9307,0.0,61.79359999999997
1814,10,27,21,1723.4502,-1.0,63.51950000000011
1890,10,28,20,1794.7127,-1.0,71.26250000000005
1954,10,29,20,1869.1725,0.0,74.45979999999986
2077,10,30,19,1982.7829,-1.0,113.61040000000003
2142,10,31,19,2085.2819,0.0,102.49900000000002
2205,10,32,19,2190.8386,0.0,105.55670000000009
2256,10,33,19,2280.762,0.0,89.92340000000013
2337,10,34,16,2368.927,-3.0,88.16499999999996
2402,10,35,16,2483.8693,0.0,114.9422999999997
2478,10,36,17,2626.9451,1.0,143.07580000000007
2538,10,37,16,2700.9637,-1.0,74.01859999999988
2600,10,38,15,2806.7305,-1.0,105.76680000000033
2655,10,39,15,2898.7940000000003,0.0,92.0635000000002
2723,10,40,15,2969.9581,0.0,71.16409999999951
2783,10,41,16,3037.0993,1.0,67.14120000000003
2843,10,42,16,3112.7739,0.0,75.67460000000028
2904,10,43,16,3205.4299,0.0,92.65599999999995
2958,10,44,16,3299.1958,0.0,93.76589999999987
3018,10,45,16,3365.8327,0.0,66.63689999999997
3076,10,46,16,3429.3168,0.0,63.484100000000126
3135,10,47,15,3491.3248,-1.0,62.00799999999981
3196,10,48,15,3553.3702,0.0,62.04539999999997
3258,10,49,15,3615.2921,0.0,61.92190000000028
3320,10,50,15,3676.8802,0.0,61.58809999999994
3382,10,51,15,3738.2215,0.0,61.34130000000005
3464,10,52,16,3822.6039,1.0,84.38239999999996
3543,10,53,16,3885.95,0.0,63.34609999999975
3619,10,54,16,3947.9734,0.0,62.02340000000004
3689,10,55,16,4009.422,0.0,61.44860000000017
3771,10,56,16,4070.7116,0.0,61.289600000000064
3840,10,57,16,4132.29,0.0,61.578399999999874
3907,10,58,16,4193.5754,0.0,61.285399999999754
3972,10,59,16,4255.5456,0.0,61.97020000000066
4034,10,60,16,4317.6875,0.0,62.14189999999962
4096,10,61,16,4379.5099,0.0,61.822400000000016
4158,10,62,16,4441.3063,0.0,61.796400000000176
4222,10,63,16,4502.8464,0.0,61.540100000000166
4285,10,64,15,4564.404,-1.0,61.55760000000009
4348,10,65,14,4626.3953,-1.0,61.99129999999968
4415,10,66,14,4687.9671,0.0,61.57179999999971
4478,10,67,13,4749.6764,-1.0,61.70930000000044
4545,10,68,13,4811.0827,0.0,61.406299999999646
4607,10,69,13,4872.3162,0.0,61.23350000000028
4670,10,70,13,4933.3201,0.0,61.0038999999997
4731,10,71,13,4994.6689,0.0,61.348799999999756
4792,10,72,13,5055.7487,0.0,61.07980000000043
4852,10,73,13,5117.3838,0.0,61.63509999999951
4912,10,74,13,5179.5127,0.0,62.12890000000061
4973,10,75,13,5241.8748,0.0,62.36209999999937
5036,10,76,12,5304.7815,-1.0,62.906700000000455
5100,10,77,12,5366.9355,0.0,62.15399999999954
5164,10,78,12,5428.51,0.0,61.574500000000626
5225,10,79,12,5490.5607,0.0,62.05069999999978
5284,10,80,12,5552.2609,0.0,61.70020000000022
5344,10,81,12,5613.9786,0.0,61.71770000000015
5403,10,82,12,5675.7593,0.0,61.78069999999934
5463,10,83,12,5737.6026,0.0,61.843300000000454
5527,10,84,12,5799.9329,0.0,62.330299999999625
5587,10,85,12,5862.6774,0.0,62.74449999999979
3,12,0,4,0.2376,0.0,0.0
52,12,1,4,66.0336,0.0,65.796
121,12,2,4,128.0574,0.0,62.023799999999994
181,12,3,4,189.9961,0.0,61.93870000000001
240,12,4,4,251.6259,0.0,61.62979999999999
300,12,5,4,313.0773,0.0,61.45139999999998
362,12,6,4,374.1081,0.0,61.0308
423,12,7,4,435.4708,0.0,61.36270000000002
483,12,8,4,496.7823,0.0,61.311500000000024
543,12,9,4,557.7807,0.0,60.998400000000004
605,12,10,4,618.7546,0.0,60.97389999999996
665,12,11,4,679.6026,0.0,60.84800000000007
727,12,12,4,740.6349,0.0,61.032299999999964
797,12,13,4,801.7974,0.0,61.16250000000002
863,12,14,4,863.1734,0.0,61.375999999999976
922,12,15,4,924.6652,0.0,61.49180000000001
995,12,16,4,986.3979,0.0,61.73270000000002
1067,12,17,4,1048.1719,0.0,61.774
1131,12,18,4,1109.6589999999999,0.0,61.48709999999983
1227,12,19,4,1171.578,0.0,61.919000000000096
1293,12,20,4,1233.3307,0.0,61.752700000000004
1365,12,21,4,1294.955,0.0,61.62429999999995
1434,12,22,3,1356.5033,-1.0,61.548300000000154
1486,12,23,1,1418.0823,-2.0,61.57899999999995
1590,12,24,5,1499.4748,4.0,81.39249999999993
1657,12,25,5,1562.2525,0.0,62.777700000000095
1723,12,26,5,1625.719,0.0,63.466499999999996
1789,12,27,7,1689.8298,2.0,64.11079999999993
1852,12,28,6,1754.6714,-1.0,64.84159999999997
1928,12,29,6,1855.894,0.0,101.22260000000006
2147,12,30,22,2140.4176,16.0,284.5236000000002
2211,12,31,22,2210.0223,0.0,69.60469999999987
2261,12,32,22,2283.4631,0.0,73.44079999999985
2393,12,33,22,2478.9858,0.0,195.5227
2467,12,34,20,2616.8494,-2.0,137.86360000000013
2532,12,35,20,2698.4986,0.0,81.64919999999984
2597,12,36,20,2804.8886,0.0,106.39000000000033
2653,12,37,20,2898.0245,0.0,93.13589999999976
2716,12,38,20,2968.9644,0.0,70.93989999999985
2779,12,39,20,3036.0226,0.0,67.05819999999994
2841,12,40,20,3111.7536,0.0,75.73100000000022
2901,12,41,20,3204.2915,0.0,92.53789999999981
2957,12,42,20,3298.7654,0.0,94.47390000000041
3019,12,43,20,3366.4045,0.0,67.63909999999987
3078,12,44,20,3429.9605,0.0,63.55600000000004
3141,12,45,20,3493.3782,0.0,63.41769999999997
3202,12,46,20,3555.8345,0.0,62.45629999999983
3264,12,47,20,3618.1646,0.0,62.33010000000013
3326,12,48,20,3680.1217,0.0,61.95710000000008
3386,12,49,20,3742.4325,0.0,62.310799999999745
3452,12,50,20,3804.2027,0.0,61.77019999999993
3525,12,51,20,3865.0439,0.0,60.8412000000003
3593,12,52,20,3925.7733,0.0,60.729399999999714
3669,12,53,20,3986.653,0.0,60.87969999999996
3733,12,54,20,4048.9187,0.0,62.26570000000038
3807,12,55,20,4110.5207,0.0,61.60199999999986
3873,12,56,20,4172.2561,0.0,61.73539999999957
3934,12,57,20,4233.3991,0.0,61.14300000000003
4004,12,58,20,4294.1349,0.0,60.73580000000038
4066,12,59,20,4355.2239,0.0,61.08899999999994
4128,12,60,20,4416.1225,0.0,60.89860000000044
4192,12,61,20,4476.9401,0.0,60.8175999999994
4256,12,62,20,4537.8096,0.0,60.86949999999979
4323,12,63,20,4598.8489,0.0,61.03930000000037
4387,12,64,20,4660.9644,0.0,62.115499999999884
4464,12,65,20,4741.4722,0.0,80.50780000000032
4536,12,66,20,4804.9252,0.0,63.45299999999952
4597,12,67,19,4866.1786,-1.0,61.25340000000051
4660,12,68,19,4927.1229,0.0,60.94430000000011
4721,12,69,19,4987.5999,0.0,60.47699999999986
4779,12,70,19,5048.4236,0.0,60.82369999999992
4841,12,71,19,5109.9021,0.0,61.47850000000017
4901,12,72,19,5173.2497,0.0,63.34760000000006
4961,12,73,19,5234.7794,0.0,61.52970000000005
5020,12,74,19,5296.464,0.0,61.68459999999959
5087,12,75,19,5356.7953,0.0,60.33129999999983
5152,12,76,19,5416.5093,0.0,59.71399999999994
5212,12,77,18,5478.0885,-1.0,61.57920000000013
5269,12,78,18,5538.4891,0.0,60.40059999999994
5329,12,79,18,5598.5887,0.0,60.099600000000464
5388,12,80,18,5660.13,0.0,61.541299999999865
5448,12,81,18,5721.6355,0.0,61.50550000000021
5506,12,82,18,5782.3661,0.0,60.73059999999987
5571,12,83,18,5844.0574,0.0,61.6912999999995
14,14,0,15,1.0353,0.0,0.0
72,14,1,13,70.5085,-2.0,69.47319999999999
132,14,2,11,132.8169,-2.0,62.308400000000006
192,14,3,11,194.4301,0.0,61.613200000000006
252,14,4,11,256.0554,0.0,61.62530000000001
310,14,5,11,317.6057,0.0,61.55029999999999
374,14,6,11,379.3862,0.0,61.78049999999996
435,14,7,11,441.0768,0.0,61.69060000000002
494,14,8,11,502.852,0.0,61.775199999999984
555,14,9,11,564.6266,0.0,61.77460000000008
617,14,10,11,626.3923,0.0,61.765699999999924
678,14,11,11,688.46,0.0,62.06770000000006
741,14,12,11,750.5436,0.0,62.08359999999993
810,14,13,11,812.7591,0.0,62.21550000000002
875,14,14,11,874.835,0.0,62.07590000000005
934,14,15,10,936.8155,-1.0,61.980500000000006
1006,14,16,9,998.56,-1.0,61.7444999999999
1077,14,17,9,1060.3888,0.0,61.8288
1138,14,18,7,1122.1603,-2.0,61.77150000000006
1233,14,19,7,1184.3046,0.0,62.14429999999993
1298,14,20,6,1246.2201,-1.0,61.915500000000065
1369,14,21,6,1308.0907,0.0,61.87059999999997
1473,14,22,18,1392.1922,12.0,84.10149999999999
1551,14,23,16,1454.6117,-2.0,62.41949999999997
1615,14,24,16,1515.9794,0.0,61.36770000000001
1677,14,25,15,1577.1475,-1.0,61.168100000000095
1741,14,26,15,1638.6616,0.0,61.51409999999987
1803,14,27,15,1700.2474,0.0,61.58580000000006
1872,14,28,14,1769.2808,-1.0,69.03340000000003
1943,14,29,14,1863.7865,0.0,94.50569999999993
2014,14,30,8,1963.4167,-6.0,99.63020000000006
2121,14,31,8,2074.7042,0.0,111.28750000000014
2184,14,32,8,2181.3622,0.0,106.6579999999999
2234,14,33,8,2276.1133,0.0,94.75109999999995
2301,14,34,7,2361.3891,-1.0,85.27579999999989
2383,14,35,7,2474.5484,0.0,113.15930000000026
2445,14,36,7,2587.0696,0.0,112.52119999999968
2517,14,37,7,2692.1648,0.0,105.0952000000002
2583,14,38,7,2797.7042,0.0,105.53940000000011
2641,14,39,7,2893.7131,0.0,96.00889999999981
2696,14,40,6,2960.9177,-1.0,67.20460000000003
2764,14,41,6,3025.2468,0.0,64.32909999999993
2824,14,42,6,3097.2273,0.0,71.98050000000012
2883,14,43,6,3195.4705,0.0,98.24319999999989
2942,14,44,6,3294.4773,0.0,99.00680000000011
2997,14,45,6,3358.4519,0.0,63.97460000000001
3059,14,46,6,3420.6724,0.0,62.2204999999999
3119,14,47,6,3482.855,0.0,62.18260000000009
3180,14,48,6,3544.4182,0.0,61.56320000000005
3240,14,49,6,3605.7059,0.0,61.28769999999986
3303,14,50,6,3666.9502,0.0,61.244300000000294
3364,14,51,6,3728.3166,0.0,61.366399999999885
3427,14,52,5,3790.2154,-1.0,61.89879999999994
3498,14,53,5,3852.3742,0.0,62.158800000000156
3577,14,54,4,3913.6361,-1.0,61.26189999999997
3650,14,55,3,3975.0457,-1.0,61.409599999999955
3694,14,56,1,4036.1257,-2.0,61.07999999999993
3822,14,57,9,4119.7592,8.0,83.63350000000037
3892,14,58,9,4182.8669,0.0,63.10769999999957
3957,14,59,9,4246.8173,0.0,63.95039999999972
4019,14,60,9,4309.3369,0.0,62.51960000000054
4081,14,61,9,4371.3211,0.0,61.98419999999987
4143,14,62,8,4433.083,-1.0,61.761899999999514
4206,14,63,8,4494.2409,0.0,61.157900000000154
4270,14,64,8,4555.5185,0.0,61.27760000000035
4337,14,65,8,4616.6452,0.0,61.1266999999998
4403,14,66,8,4677.9996,0.0,61.35440000000017
4460,14,67,7,4739.4753,-1.0,61.47569999999996
4532,14,68,7,4801.0593,0.0,61.58399999999983
4593,14,69,7,4862.4232,0.0,61.363900000000285
4656,14,70,7,4924.06,0.0,61.63680000000022
4717,14,71,7,4985.1572,0.0,61.09719999999925
4776,14,72,7,5046.3797,0.0,61.222500000000764
4837,14,73,7,5107.8289,0.0,61.44920000000002
4897,14,74,7,5169.0257,0.0,61.19679999999971
4957,14,75,7,5230.363,0.0,61.33730000000014
5018,14,76,7,5291.7766,0.0,61.41359999999986
5085,14,77,7,5353.6078,0.0,61.831199999999626
5150,14,78,7,5415.7055,0.0,62.09770000000026
5210,14,79,7,5477.6333,0.0,61.92780000000039
5271,14,80,7,5540.3387,0.0,62.70539999999983
5331,14,81,7,5602.0227,0.0,61.6840000000002
5390,14,82,7,5664.505,0.0,62.48229999999967
5450,14,83,7,5726.335999999999,0.0,61.83099999999922
5508,14,84,6,5787.9258,-1.0,61.58980000000065
5574,14,85,6,5850.7454,0.0,62.81959999999981
13,15,0,13,0.9918,0.0,0.0
78,15,1,15,71.4882,2.0,70.49640000000001
143,15,2,16,135.6576,1.0,64.1694
200,15,3,16,198.2403,0.0,62.58269999999999
260,15,4,16,260.2372,0.0,61.99689999999998
318,15,5,15,322.0956,-1.0,61.85840000000002
382,15,6,15,383.5933,0.0,61.49770000000001
442,15,7,15,445.2224,0.0,61.629099999999994
502,15,8,15,506.9046,0.0,61.68220000000002
562,15,9,15,568.484,0.0,61.57940000000002
624,15,10,15,630.4594,0.0,61.97539999999992
685,15,11,15,692.4371,0.0,61.97770000000003
749,15,12,15,754.2962,0.0,61.85910000000001
816,15,13,14,815.6777,-1.0,61.38149999999996
880,15,14,14,877.0441,0.0,61.3664
941,15,15,13,938.7692,-1.0,61.7251
1011,15,16,12,1000.5205,-1.0,61.751300000000015
1082,15,17,12,1062.528,0.0,62.00750000000005
1146,15,18,9,1124.1401,-3.0,61.612100000000055
1237,15,19,9,1185.6325,0.0,61.49239999999986
1304,15,20,8,1247.8355,-1.0,62.202999999999975
1372,15,21,8,1310.2307,0.0,62.39520000000016
1442,15,22,5,1371.9322,-3.0,61.701499999999896
1510,15,23,3,1433.4745,-2.0,61.54230000000007
1566,15,24,2,1495.2734,-1.0,61.7989
1652,15,25,2,1556.7468,0.0,61.473399999999856
1698,15,26,2,1618.3629999999998,0.0,61.616199999999935
1758,15,27,2,1680.3271,0.0,61.964100000000144
1843,15,28,2,1745.3172,0.0,64.99009999999998
1900,15,29,2,1851.3033,0.0,105.98610000000008
2067,15,30,16,1971.4064,14.0,120.10310000000004
2137,15,31,16,2082.8981,0.0,111.49169999999981
2199,15,32,16,2188.4003,0.0,105.5021999999999
2251,15,33,16,2279.4522,0.0,91.05190000000039
3333,15,34,23,3690.5063,7.0,1411.0540999999998
3396,15,35,22,3773.2029,-1.0,82.69660000000022
3468,15,36,22,3837.478,0.0,64.27509999999984
3547,15,37,22,3899.4415,0.0,61.96349999999984
3623,15,38,22,3960.8367,0.0,61.39519999999993
3693,15,39,22,4022.1339,0.0,61.297199999999975
3775,15,40,22,4083.2698,0.0,61.13590000000022
3844,15,41,22,4144.3318,0.0,61.0619999999999
3911,15,42,22,4205.3002,0.0,60.96839999999975
3976,15,43,22,4266.2211,0.0,60.920900000000074
4038,15,44,22,4327.2419,0.0,61.020800000000236
4100,15,45,22,4387.8744,0.0,60.63249999999971
4162,15,46,22,4448.7501,0.0,60.875700000000506
4226,15,47,22,4509.5269,0.0,60.77679999999964
4291,15,48,22,4570.4698,0.0,60.94290000000001
4355,15,49,22,4631.829000000001,0.0,61.35920000000078
4488,15,50,22,4758.7423,0.0,126.91329999999925
4551,15,51,22,4822.9018,0.0,64.15949999999975
4613,15,52,22,4884.1922,0.0,61.29040000000077
4676,15,53,22,4944.7515,0.0,60.559299999999894
4737,15,54,22,5005.0978,0.0,60.346299999999246
4798,15,55,22,5065.3382,0.0,60.24040000000059
4858,15,56,22,5126.4045,0.0,61.0662999999995
4918,15,57,22,5187.7390000000005,0.0,61.334500000000844
4979,15,58,22,5251.2795,0.0,63.540499999999156
5045,15,59,22,5315.0209,0.0,63.741400000000795
5106,15,60,22,5376.0765,0.0,61.055599999999686
5170,15,61,22,5438.5295,0.0,62.45299999999952
5231,15,62,22,5500.2693,0.0,61.73980000000029
5289,15,63,22,5562.0076,0.0,61.73829999999998
5350,15,64,22,5626.1909,0.0,64.18329999999969
5409,15,65,22,5687.6063,0.0,61.41540000000077
5469,15,66,22,5750.4036,0.0,62.79729999999927
5533,15,67,21,5812.5559,-1.0,62.15230000000065
5593,15,68,21,5876.4742,0.0,63.91829999999936
16,18,0,17,1.2502,0.0,0.0
79,18,1,16,71.869,-1.0,70.6188
140,18,2,15,135.1686,-1.0,63.2996
199,18,3,15,197.7551,0.0,62.5865
259,18,4,15,259.9164,0.0,62.16130000000001
315,18,5,14,321.4719,-1.0,61.555499999999995
380,18,6,14,383.1045,0.0,61.63259999999997
441,18,7,14,444.6238,0.0,61.519300000000044
500,18,8,14,506.1192,0.0,61.49539999999996
561,18,9,14,568.1203,0.0,62.001100000000065
623,18,10,14,629.8798,0.0,61.7595
684,18,11,14,691.7441,0.0,61.86429999999996
745,18,12,13,752.8457,-1.0,61.10159999999996
814,18,13,13,814.4538,0.0,61.608100000000036
878,18,14,13,876.1135,0.0,61.65970000000004
938,18,15,12,938.2371,-1.0,62.12360000000001
1010,18,16,11,1000.0963,-1.0,61.85919999999999
1081,18,17,11,1061.9749,0.0,61.87859999999989
1192,18,18,20,1144.9797,9.0,83.00480000000016
1259,18,19,20,1207.05,0.0,62.07029999999986
1331,18,20,20,1269.3058,0.0,62.255800000000136
1399,18,21,19,1331.1398,-1.0,61.83399999999983
1628,18,22,23,1551.9978,4.0,220.85800000000017
1696,18,23,23,1616.2103,0.0,64.21249999999986
1756,18,24,23,1678.7154,0.0,62.505100000000084
1819,18,25,23,1741.2808,0.0,62.565399999999954
1896,18,26,23,1806.5218,0.0,65.24099999999999
1958,18,27,23,1873.6297,0.0,67.10789999999997
2058,18,28,23,1969.4914,0.0,95.86170000000016
2134,18,29,23,2081.8353,0.0,112.34390000000008
2210,18,30,23,2200.9933,0.0,119.1579999999999
2260,18,31,23,2282.4074,0.0,81.41409999999996
2342,18,32,23,2373.9234,0.0,91.51600000000008
2404,18,33,23,2484.7461,0.0,110.82269999999971
2475,18,34,21,2624.6033,-2.0,139.85720000000038
2537,18,35,21,2700.3042,0.0,75.70089999999982
2599,18,36,21,2805.6965,0.0,105.39229999999998
2654,18,37,21,2898.3523,0.0,92.6558
2718,18,38,21,2969.1948,0.0,70.8425000000002
2785,18,39,21,3037.5327,0.0,68.33789999999999
2845,18,40,21,3113.8520000000003,0.0,76.31930000000011
2906,18,41,21,3206.5359999999996,0.0,92.68399999999929
2959,18,42,21,3299.4028,0.0,92.86680000000024
3023,18,43,21,3366.5928,0.0,67.19000000000005
3082,18,44,21,3431.0091,0.0,64.41630000000032
3144,18,45,21,3493.8807,0.0,62.871599999999944
3203,18,46,21,3556.4537,0.0,62.572999999999865
3266,18,47,21,3619.2565,0.0,62.802799999999934
3328,18,48,21,3681.3677,0.0,62.111199999999826
3388,18,49,21,3743.1912,0.0,61.82350000000042
3454,18,50,21,3805.3832,0.0,62.19200000000001
3527,18,51,21,3867.0332,0.0,61.649999999999636
3596,18,52,21,3928.5881,0.0,61.55490000000009
3673,18,53,21,3990.205,0.0,61.61689999999999
3742,18,54,21,4052.0209999999997,0.0,61.8159999999998
3813,18,55,21,4117.6205,0.0,65.59950000000026
3881,18,56,21,4179.7819,0.0,62.16139999999996
3961,18,57,21,4248.4641,0.0,68.6822000000002
4028,18,58,21,4314.1788,0.0,65.71469999999954
4090,18,59,21,4376.4513,0.0,62.272500000000036
4163,18,60,21,4459.8579,0.0,83.40660000000025
4227,18,61,21,4523.6843,0.0,63.82639999999992
4294,18,62,21,4585.9574,0.0,62.27310000000034
4358,18,63,21,4647.7927,0.0,61.835299999999734
4423,18,64,21,4709.2282,0.0,61.43549999999959
4492,18,65,21,4770.6842,0.0,61.45600000000013
4554,18,66,21,4831.8386,0.0,61.15440000000035
4616,18,67,20,4893.1215,-1.0,61.282900000000154
4679,18,68,20,4954.3264,0.0,61.204899999999725
4740,18,69,20,5015.5168,0.0,61.19040000000041
4801,18,70,20,5076.5714,0.0,61.05459999999948
4861,18,71,20,5137.8376,0.0,61.266200000000026
4921,18,72,20,5199.0575,0.0,61.21990000000005
4982,18,73,20,5260.4631,0.0,61.40560000000005
5049,18,74,20,5322.3135,0.0,61.85040000000026
5108,18,75,20,5384.205,0.0,61.89149999999972
5171,18,76,20,5445.8012,0.0,61.59619999999995
5232,18,77,19,5507.338000000001,-1.0,61.53680000000077
5291,18,78,19,5568.2287,0.0,60.890699999999015
5351,18,79,19,5629.3183,0.0,61.089600000000246
5410,18,80,19,5690.2908,0.0,60.972499999999854
5470,18,81,19,5751.6781,0.0,61.38730000000032
5535,18,82,19,5814.4461,0.0,62.76800000000003
5594,18,83,19,5877.941,0.0,63.49489999999969
23,19,0,23,3.3146,0.0,0.0
92,19,1,22,74.3667,-1.0,71.0521
151,19,2,22,138.3386,0.0,63.97190000000002
208,19,3,21,200.9888,-1.0,62.650199999999984
268,19,4,21,263.4784,0.0,62.489600000000024
331,19,5,21,326.0085,0.0,62.530100000000004
392,19,6,21,388.1753,0.0,62.16679999999997
452,19,7,21,450.9636,0.0,62.78829999999999
513,19,8,21,512.8175,0.0,61.85390000000001
574,19,9,21,574.6529,0.0,61.83540000000005
636,19,10,21,636.6364,0.0,61.983499999999935
696,19,11,21,698.5989999999999,0.0,61.96259999999995
761,19,12,20,760.5745,-1.0,61.97550000000001
833,19,13,22,846.8228,2.0,86.24830000000009
894,19,14,22,909.0868,0.0,62.26400000000001
965,19,15,22,970.541,0.0,61.454200000000014
1037,19,16,22,1032.5482,0.0,62.0071999999999
1101,19,17,22,1093.9066,0.0,61.358400000000074
1194,19,18,21,1155.5244,-1.0,61.61779999999999
1261,19,19,21,1217.2549,0.0,61.73049999999989
1333,19,20,21,1278.7037,0.0,61.44880000000012
1404,19,21,21,1339.9993,0.0,61.29559999999992
1478,19,22,20,1403.7507,-1.0,63.7514000000001
1560,19,23,20,1465.5249,0.0,61.77419999999984
1623,19,24,20,1528.3828,0.0,62.8579000000002
1687,19,25,19,1590.7661,-1.0,62.38329999999996
1748,19,26,19,1653.1739,0.0,62.40779999999995
1811,19,27,19,1715.3325,0.0,62.15859999999998
1884,19,28,18,1780.8936,-1.0,65.56110000000012
1950,19,29,18,1866.7924,0.0,85.89879999999994
2039,19,30,12,1966.0636,-6.0,99.27119999999991
2128,19,31,12,2078.8832,0.0,112.81960000000026
2192,19,32,12,2185.0483,0.0,106.16509999999971
2246,19,33,12,2277.8685,0.0,92.82020000000011
2313,19,34,10,2364.3179999999998,-2.0,86.44949999999972
2389,19,35,10,2477.3215,0.0,113.00350000000026
2451,19,36,10,2589.9341,0.0,112.61259999999993
2523,19,37,10,2694.6278,0.0,104.69370000000026
2588,19,38,10,2800.5933,0.0,105.96549999999979
2646,19,39,10,2895.4939,0.0,94.90059999999994
2710,19,40,11,2967.4396,1.0,71.94570000000022
2773,19,41,11,3033.6706,0.0,66.23099999999977
2832,19,42,11,3105.7103,0.0,72.03970000000027
2893,19,43,11,3200.7039,0.0,94.99359999999979
2949,19,44,11,3296.4119,0.0,95.70800000000008
3016,19,45,15,3364.9886,4.0,68.57670000000007
3075,19,46,15,3428.9183,0.0,63.929699999999684
3138,19,47,16,3492.3598,1.0,63.44150000000036
3198,19,48,16,3554.5989,0.0,62.23909999999978
3260,19,49,16,3616.5981,0.0,61.9992000000002
3322,19,50,16,3678.5393,0.0,61.94119999999975
3394,19,51,17,3763.8767,1.0,85.33739999999989
3466,19,52,17,3827.5515,0.0,63.67480000000023
3545,19,53,17,3888.84,0.0,61.28850000000011
3621,19,54,17,3949.3586,0.0,60.51859999999988
3691,19,55,17,4010.7842,0.0,61.42560000000003
3773,19,56,17,4072.8715,0.0,62.08730000000014
3842,19,57,17,4134.8695,0.0,61.99799999999959
3909,19,58,17,4196.1852,0.0,61.315700000000106
3974,19,59,17,4257.4617,0.0,61.27649999999994
4036,19,60,17,4318.7222,0.0,61.26050000000032
4098,19,61,17,4380.7068,0.0,61.98459999999977
4160,19,62,17,4443.0141,0.0,62.307300000000396
4224,19,63,17,4504.9457,0.0,61.93159999999989
4288,19,64,16,4566.6235,-1.0,61.67779999999948
4353,19,65,16,4628.5804,0.0,61.95690000000013
4419,19,66,16,4691.1745,0.0,62.59410000000025
4484,19,67,15,4753.6979,-1.0,62.52340000000004
4549,19,68,15,4815.1484,0.0,61.45049999999992
4611,19,69,15,4877.0423,0.0,61.89390000000003
4674,19,70,15,4938.6954,0.0,61.65309999999954
4735,19,71,15,5000.2028,0.0,61.507400000000416
4796,19,72,15,5061.6745,0.0,61.471700000000055
4856,19,73,15,5123.229,0.0,61.55450000000019
4916,19,74,15,5185.1073,0.0,61.8782999999994
4977,19,75,15,5247.2751,0.0,62.16780000000017
5042,19,76,14,5311.6057,-1.0,64.33060000000023
5104,19,77,14,5374.1526,0.0,62.54690000000028
5168,19,78,14,5436.4911,0.0,62.33849999999984
5229,19,79,14,5498.7656,0.0,62.274499999999534
5288,19,80,14,5561.5018,0.0,62.73620000000028
5348,19,81,14,5623.8343,0.0,62.33250000000044
5407,19,82,14,5686.3405,0.0,62.50619999999981
5467,19,83,14,5749.3043,0.0,62.96379999999954
5531,19,84,14,5812.1878,0.0,62.88349999999991
5591,19,85,14,5874.8073,0.0,62.6195000000007
7,20,0,8,0.5776,0.0,0.0
70,20,1,11,69.7877,3.0,69.2101
136,20,2,12,134.0649,1.0,64.2772
194,20,3,12,196.3898,0.0,62.324900000000014
254,20,4,12,257.9687,0.0,61.578900000000004
312,20,5,12,319.5109,0.0,61.54219999999998
376,20,6,12,381.1134,0.0,61.60250000000002
437,20,7,12,442.5322,0.0,61.418799999999976
496,20,8,12,504.4893,0.0,61.957100000000025
557,20,9,12,566.1515,0.0,61.66220000000004
619,20,10,12,627.752,0.0,61.6004999999999
680,20,11,12,689.3681,0.0,61.616100000000074
743,20,12,12,751.3324,0.0,61.96429999999998
812,20,13,12,813.5337,0.0,62.20129999999995
876,20,14,12,875.7411,0.0,62.20740000000001
937,20,15,11,937.8275,-1.0,62.086400000000026
1007,20,16,10,999.4407,-1.0,61.613200000000006
1079,20,17,10,1061.2695,0.0,61.828800000000115
1142,20,18,8,1123.2451,-2.0,61.975599999999986
1235,20,19,8,1185.3516,0.0,62.10649999999987
1301,20,20,7,1247.4893,-1.0,62.137699999999995
1371,20,21,7,1309.8645,0.0,62.37519999999995
1437,20,22,4,1371.4012,-3.0,61.53670000000011
1509,20,23,2,1432.9349,-2.0,61.53369999999995
1565,20,24,1,1494.6269,-1.0,61.69200000000001
1629,20,25,1,1556.2335,0.0,61.60660000000007
1697,20,26,1,1617.767,0.0,61.533500000000004
1757,20,27,1,1679.9814,0.0,62.21439999999984
1820,20,28,1,1743.8779,0.0,63.89650000000006
1899,20,29,1,1850.5863,0.0,106.70839999999998
2066,20,30,15,1970.8312,14.0,120.24490000000014
2135,20,31,15,2082.5439,0.0,111.71270000000004
2198,20,32,15,2187.5595,0.0,105.01559999999972
2250,20,33,15,2279.2722,0.0,91.71270000000004
2321,20,34,12,2366.157,-3.0,86.88480000000027
2395,20,35,12,2479.7011,0.0,113.54410000000007
2454,20,36,12,2591.2974,0.0,111.5962999999997
2526,20,37,12,2695.9793,0.0,104.68190000000004
2591,20,38,12,2802.3513,0.0,106.37199999999984
2649,20,39,12,2896.0153,0.0,93.66400000000021
2712,20,40,12,2967.8990000000003,0.0,71.88370000000032
2774,20,41,12,3034.5252,0.0,66.6261999999997
2834,20,42,12,3108.7414,0.0,74.21619999999984
2894,20,43,12,3201.1779,0.0,92.43650000000025
2950,20,44,12,3296.5903,0.0,95.4123999999997
3006,20,45,11,3362.2938,-1.0,65.70350000000008
3071,20,46,12,3426.8070000000002,1.0,64.51320000000032
3130,20,47,12,3489.3202,0.0,62.51319999999987
3191,20,48,12,3551.1566,0.0,61.836399999999685
3253,20,49,12,3612.9454,0.0,61.788800000000265
3314,20,50,12,3674.3429,0.0,61.397500000000036
3376,20,51,12,3735.7049,0.0,61.36200000000008
3443,20,52,11,3796.8991,-1.0,61.19419999999991
3511,20,53,9,3858.4527,-2.0,61.55359999999973
3587,20,54,8,3920.0555,-1.0,61.602800000000116
3662,20,55,7,3981.9632,-1.0,61.907700000000204
3768,20,56,14,4066.0406,7.0,84.07739999999967
3838,20,57,15,4130.2363,1.0,64.19569999999976
3905,20,58,15,4192.1091,0.0,61.8728000000001
3970,20,59,15,4253.8197,0.0,61.71060000000034
4032,20,60,15,4315.675,0.0,61.85530000000017
4094,20,61,15,4377.6229,0.0,61.94790000000012
4156,20,62,15,4439.595,0.0,61.972099999999955
4217,20,63,14,4501.1628,-1.0,61.56779999999981
4281,20,64,13,4562.9149,-1.0,61.7520999999997
4346,20,65,13,4624.8295,0.0,61.914600000000064
4413,20,66,13,4686.0285,0.0,61.199000000000524
4475,20,67,12,4747.5774,-1.0,61.548899999999776
4543,20,68,12,4808.7823,0.0,61.204899999999725
4605,20,69,12,4870.1542,0.0,61.371900000000096
4668,20,70,12,4931.7218,0.0,61.56760000000031
4729,20,71,12,4993.1399,0.0,61.41809999999987
4790,20,72,12,5054.5646,0.0,61.424699999999575
4851,20,73,12,5116.5704,0.0,62.00579999999991
4910,20,74,12,5179.0493,0.0,62.47890000000007
4971,20,75,12,5241.4219,0.0,62.3726000000006
5033,20,76,11,5303.3548,-1.0,61.93289999999979
5098,20,77,11,5364.8868,0.0,61.53200000000015
5162,20,78,11,5426.4556,0.0,61.56880000000001
5223,20,79,11,5488.0354,0.0,61.57979999999952
5282,20,80,11,5549.9248,0.0,61.88940000000002
5342,20,81,11,5611.4341,0.0,61.50930000000062
5401,20,82,11,5673.3378,0.0,61.903699999999844
5461,20,83,11,5734.8483,0.0,61.51049999999941
5525,20,84,11,5796.8102,0.0,61.96190000000024
5585,20,85,11,5859.6431,0.0,62.832900000000336
15,21,0,16,1.0836,0.0,0.0
86,21,1,18,72.6046,2.0,71.521
145,21,2,18,136.4579,0.0,63.85329999999999
203,21,3,18,199.1938,0.0,62.735900000000015
263,21,4,18,261.3752,0.0,62.1814
322,21,5,17,323.3779,-1.0,62.002700000000004
385,21,6,17,384.9407,0.0,61.56279999999998
445,21,7,17,446.3803,0.0,61.439599999999984
505,21,8,17,508.1132,0.0,61.73290000000003
566,21,9,17,570.0057,0.0,61.89250000000004
628,21,10,17,631.6147,0.0,61.608999999999924
689,21,11,17,693.7278,0.0,62.11310000000003
751,21,12,16,755.7152,-1.0,61.98739999999998
820,21,13,16,817.4455,0.0,61.73030000000006
883,21,14,16,879.3427,0.0,61.8972
945,21,15,15,941.617,-1.0,62.274299999999926
1015,21,16,14,1003.6641,-1.0,62.0471
1086,21,17,14,1066.0416,0.0,62.377500000000055
1156,21,18,11,1128.2325,-3.0,62.190900000000056
1240,21,19,11,1190.4621,0.0,62.22959999999989
1310,21,20,10,1252.5939,-1.0,62.13180000000011
1374,21,21,9,1314.5797,-1.0,61.98579999999993
1448,21,22,7,1376.3716,-2.0,61.79189999999994
1518,21,23,6,1438.6185,-1.0,62.246900000000096
1596,21,24,6,1500.3832,0.0,61.76469999999995
1658,21,25,6,1562.4599,0.0,62.07670000000007
1728,21,26,8,1627.4883,2.0,65.02839999999992
1793,21,27,9,1690.8882,1.0,63.399900000000116
1858,21,28,8,1760.0125,-1.0,69.12429999999995
1931,21,29,8,1857.3295,0.0,97.31700000000001
2069,21,30,17,1974.8366,9.0,117.50710000000004
2139,21,31,17,2083.576,0.0,108.73939999999993
2201,21,32,17,2189.0949,0.0,105.51890000000003
2253,21,33,17,2280.0447,0.0,90.94979999999987
2327,21,34,14,2367.4194,-3.0,87.3747000000003
2399,21,35,14,2481.7071,0.0,114.28769999999986
2456,21,36,13,2591.8998,-1.0,110.19270000000006
2528,21,37,13,2696.7363,0.0,104.83649999999989
2593,21,38,13,2803.2115,0.0,106.47519999999986
2650,21,39,13,2896.4651,0.0,93.2536
2713,21,40,13,2968.3055,0.0,71.84040000000005
2776,21,41,13,3034.9097,0.0,66.60420000000022
2835,21,42,13,3109.0813,0.0,74.17159999999967
2896,21,43,13,3201.9659,0.0,92.88460000000032
2952,21,44,13,3296.7638,0.0,94.79790000000003
3009,21,45,12,3362.8191,-1.0,66.05529999999999
3068,21,46,11,3425.3048,-1.0,62.485699999999724
3128,21,47,11,3487.215,0.0,61.91020000000026
3189,21,48,11,3548.9395,0.0,61.72449999999981
3248,21,49,10,3610.555,-1.0,61.615499999999884
3310,21,50,10,3671.6246,0.0,61.069600000000264
3372,21,51,10,3733.1664,0.0,61.54179999999997
3439,21,52,9,3794.6907,-1.0,61.52430000000004
3503,21,53,7,3856.3517,-2.0,61.66100000000006
3581,21,54,6,3917.9076,-1.0,61.55589999999984
3656,21,55,5,3979.4315,-1.0,61.52390000000014
3721,21,56,3,4041.1161,-2.0,61.684600000000046
3799,21,57,2,4102.7786,-1.0,61.662499999999454
3845,21,58,1,4164.5068,-1.0,61.72820000000047
3960,21,59,10,4247.8398,9.0,83.33299999999963
4021,21,60,10,4310.4751,0.0,62.635299999999916
4083,21,61,10,4371.8709,0.0,61.395800000000236
4147,21,62,10,4434.3919,0.0,62.52099999999973
4208,21,63,9,4495.5826,-1.0,61.190700000000106
4272,21,64,9,4556.6963,0.0,61.11369999999988
4339,21,65,9,4617.8654,0.0,61.16910000000007
4405,21,66,9,4679.1701,0.0,61.304700000000594
4461,21,67,8,4740.6739,-1.0,61.5037999999995
4534,21,68,8,4802.1248,0.0,61.45089999999982
4595,21,69,8,4863.3796,0.0,61.254800000000614
4658,21,70,8,4924.8019,0.0,61.42230000000018
4719,21,71,8,4986.3679999999995,0.0,61.566099999999096
4778,21,72,8,5047.7582,0.0,61.39020000000073
4839,21,73,8,5109.0977,0.0,61.339500000000044
4899,21,74,8,5170.7475,0.0,61.64980000000014
4959,21,75,8,5233.6556,0.0,62.90809999999965
5115,21,76,17,5387.1094,9.0,153.45380000000023
2,22,0,3,0.165,0.0,0.0
57,22,1,7,67.1772,4.0,67.01219999999999
126,22,2,7,129.6643,0.0,62.4871
186,22,3,7,191.7414,0.0,62.0771
245,22,4,7,253.1914,0.0,61.44999999999999
305,22,5,7,314.7579,0.0,61.56650000000002
367,22,6,7,376.2541,0.0,61.49619999999999
428,22,7,7,437.6193,0.0,61.365200000000016
488,22,8,7,498.9105,0.0,61.2912
548,22,9,7,560.254,0.0,61.343500000000006
610,22,10,7,621.5605,0.0,61.30650000000003
671,22,11,7,682.9581,0.0,61.3975999999999
733,22,12,7,744.3889,0.0,61.43080000000009
803,22,13,7,805.8313,0.0,61.44240000000002
869,22,14,7,867.6452,0.0,61.81389999999999
928,22,15,7,929.166,0.0,61.52080000000001
1001,22,16,7,990.8739999999999,0.0,61.707999999999856
1073,22,17,7,1052.4686,0.0,61.594600000000014
1135,22,18,6,1114.0907,-1.0,61.622100000000046
1231,22,19,6,1175.5289,0.0,61.43820000000005
1295,22,20,5,1236.9711,-1.0,61.44219999999996
1367,22,21,5,1298.7033,0.0,61.73219999999992
1459,22,22,12,1380.1508,7.0,81.44749999999999
1529,22,23,10,1443.4393,-2.0,63.28850000000011
1604,22,24,10,1504.9255,0.0,61.48620000000005
1666,22,25,10,1566.7378,0.0,61.81230000000005
1732,22,26,10,1629.2557,0.0,62.51789999999983
1795,22,27,10,1691.6196,0.0,62.36390000000006
1859,22,28,9,1760.5992,-1.0,68.97960000000012
1933,22,29,9,1858.2961,0.0,97.69689999999991
1986,22,30,4,1959.9013,-5.0,101.60519999999997
2114,22,31,4,2070.652,0.0,110.75070000000005
2176,22,32,4,2174.4342,0.0,103.7822000000001
2221,22,33,2,2275.3531,-2.0,100.91889999999967
2291,22,34,3,2357.0998,1.0,81.74670000000015
2374,22,35,3,2469.2287,0.0,112.12890000000016
2439,22,36,3,2583.7879,0.0,114.55919999999969
2510,22,37,3,2688.8047,0.0,105.01680000000033
2576,22,38,3,2792.743,0.0,103.9382999999998
2636,22,39,3,2891.9354,0.0,99.1923999999999
2691,22,40,3,2957.994,0.0,66.0586000000003
2758,22,41,3,3022.5502,0.0,64.55619999999999
2817,22,42,3,3093.8323,0.0,71.2820999999999
2878,22,43,3,3193.5248,0.0,99.69250000000011
2938,22,44,3,3293.0297,0.0,99.5048999999999
2992,22,45,3,3356.5978,0.0,63.56809999999996
3055,22,46,3,3418.8673,0.0,62.26949999999988
3113,22,47,3,3480.5217,0.0,61.654399999999896
3175,22,48,3,3541.804,0.0,61.282300000000305
3234,22,49,3,3602.6059999999998,0.0,60.80199999999968
3297,22,50,3,3663.4449,0.0,60.838900000000194
3359,22,51,3,3724.0879999999997,0.0,60.64309999999978
3423,22,52,3,3784.9901,0.0,60.902100000000246
3494,22,53,3,3846.0135,0.0,61.02340000000004
3571,22,54,2,3906.4366,-1.0,60.42309999999998
3624,22,55,1,3968.3875,-1.0,61.95089999999982
3735,22,56,5,4050.4639,4.0,82.07640000000038
3809,22,57,4,4116.143,-1.0,65.67909999999983
3875,22,58,3,4177.2898,-1.0,61.14679999999953
3939,22,59,2,4238.1547,-1.0,60.86490000000049
4006,22,60,2,4298.9125,0.0,60.757800000000316
4068,22,61,2,4359.8101,0.0,60.89759999999933
4130,22,62,2,4420.4243,0.0,60.61419999999998
4194,22,63,2,4481.4507,0.0,61.02640000000065
4258,22,64,2,4542.469,0.0,61.018299999999726
4325,22,65,2,4603.179,0.0,60.710000000000036
4389,22,66,2,4663.9881,0.0,60.80909999999949
4450,22,67,2,4724.7881,0.0,60.80000000000018
4522,22,68,2,4785.7658,0.0,60.97770000000037
4582,22,69,2,4846.7604,0.0,60.99459999999999
4646,22,70,2,4907.648,0.0,60.88760000000002
4707,22,71,2,4968.6587,0.0,61.010699999999815
4766,22,72,2,5030.0318,0.0,61.373099999999795
4827,22,73,2,5091.0998,0.0,61.06800000000021
4887,22,74,2,5152.3852,0.0,61.285399999999754
4947,22,75,2,5213.174,0.0,60.788800000000265
5008,22,76,2,5274.1466,0.0,60.97260000000006
5075,22,77,2,5334.9608,0.0,60.8141999999998
5140,22,78,2,5395.9307,0.0,60.96990000000005
5199,22,79,2,5457.1412,0.0,61.21050000000014
5259,22,80,2,5518.2346,0.0,61.09339999999975
5319,22,81,2,5580.2412,0.0,62.00660000000062
5377,22,82,2,5642.0583,0.0,61.8170999999993
5436,22,83,2,5702.9822,0.0,60.923900000000685
5496,22,84,2,5764.015,0.0,61.03279999999995
5561,22,85,2,5825.5801,0.0,61.5650999999998
20,23,0,20,2.1698,0.0,0.0
88,23,1,20,73.1751,0.0,71.0053
148,23,2,20,137.4102,0.0,64.2351
206,23,3,20,200.3966,0.0,62.9864
267,23,4,20,262.6692,0.0,62.27259999999998
327,23,5,19,324.8513,-1.0,62.18209999999999
389,23,6,19,386.5907,0.0,61.739400000000046
448,23,7,19,448.2763,0.0,61.685599999999965
509,23,8,19,510.00300000000004,0.0,61.72670000000005
570,23,9,19,571.8009999999999,0.0,61.79799999999989
632,23,10,19,633.6531,0.0,61.852100000000064
692,23,11,19,695.2698,0.0,61.61670000000004
755,23,12,18,757.1469,-1.0,61.87709999999993
823,23,13,18,819.1632,0.0,62.0163
886,23,14,18,881.0842,0.0,61.92100000000005
951,23,15,17,943.7769999999999,-1.0,62.69279999999992
1021,23,16,16,1005.8584,-1.0,62.08140000000003
1089,23,17,16,1067.5706,0.0,61.71220000000005
1166,23,18,13,1129.738,-3.0,62.16740000000004
1244,23,19,13,1191.7737,0.0,62.035699999999906
1314,23,20,12,1253.9111,-1.0,62.13740000000007
1378,23,21,11,1316.7152,-1.0,62.80410000000006
1453,23,22,9,1378.9229,-2.0,62.20769999999993
1558,23,23,19,1464.0357,10.0,85.11279999999988
1621,23,24,19,1527.7308,0.0,63.69510000000014
1684,23,25,18,1589.3908,-1.0,61.659999999999854
1746,23,26,18,1651.1855,0.0,61.79470000000015
1809,23,27,18,1712.8689,0.0,61.68339999999989
1881,23,28,17,1778.8476,-1.0,65.97870000000012
1948,23,29,17,1866.005,0.0,87.15740000000005
2031,23,30,11,1965.4084,-6.0,99.40339999999992
2126,23,31,11,2077.4367,0.0,112.02830000000017
2190,23,32,11,2184.1759,0.0,106.73919999999998
2244,23,33,11,2277.0454,0.0,92.86949999999979
2304,23,34,8,2362.3499,-3.0,85.30450000000019
2385,23,35,8,2475.4391,0.0,113.08919999999989
2447,23,36,8,2587.9825,0.0,112.54340000000002
2519,23,37,8,2692.9767,0.0,104.99420000000009
2585,23,38,8,2798.6361,0.0,105.6594
2643,23,39,8,2894.1453,0.0,95.50919999999996
2701,23,40,8,2962.8873,0.0,68.74199999999973
2768,23,41,8,3028.0458,0.0,65.1585
2827,23,42,8,3099.3164,0.0,71.27060000000029
2887,23,43,8,3198.2752,0.0,98.95879999999988
2945,23,44,8,3295.4382,0.0,97.16300000000001
3001,23,45,8,3360.3109999999997,0.0,64.87279999999964
3063,23,46,8,3423.0672,0.0,62.75620000000026
3123,23,47,8,3484.9139,0.0,61.846700000000055
3184,23,48,8,3546.7458,0.0,61.83190000000013
3244,23,49,8,3608.1804,0.0,61.434600000000046
3307,23,50,8,3669.442,0.0,61.26159999999982
3368,23,51,8,3730.4897,0.0,61.04770000000008
3433,23,52,7,3791.9731,-1.0,61.483400000000074
3500,23,53,6,3853.2946,-1.0,61.321500000000015
3578,23,54,5,3914.2813,-1.0,60.98669999999993
3653,23,55,4,3975.6255,-1.0,61.3442
3709,23,56,2,4037.0084,-2.0,61.38290000000006
3776,23,57,1,4098.2096,-1.0,61.20119999999997
3890,23,58,8,4182.1978,7.0,83.98819999999978
3952,23,59,7,4246.099,-1.0,63.901200000000244
4018,23,60,8,4308.8579,1.0,62.75889999999981
4080,23,61,8,4370.9009,0.0,62.042999999999665
4140,23,62,7,4431.9323,-1.0,61.03140000000076
4204,23,63,7,4492.9131,0.0,60.98079999999936
4268,23,64,7,4553.9304,0.0,61.01730000000043
4335,23,65,7,4615.032999999999,0.0,61.102599999999256
4398,23,66,6,4676.004,-1.0,60.97100000000046
4458,23,67,6,4737.3726,0.0,61.36859999999979
4530,23,68,6,4798.5977,0.0,61.225100000000566
4591,23,69,6,4859.6899,0.0,61.09220000000005
4654,23,70,6,4920.5387,0.0,60.848799999999756
4715,23,71,6,4981.4921,0.0,60.95340000000033
4774,23,72,6,5042.4277,0.0,60.935599999999795
4835,23,73,6,5103.2377,0.0,60.80999999999949
4895,23,74,6,5164.2883,0.0,61.050600000000486
4955,23,75,6,5225.0548,0.0,60.76649999999972
5016,23,76,6,5285.933000000001,0.0,60.878200000001016
5083,23,77,6,5346.9866,0.0,61.05359999999928
5148,23,78,6,5408.1498,0.0,61.16319999999996
5208,23,79,6,5469.368,0.0,61.21820000000025
5267,23,80,6,5530.7212,0.0,61.35319999999956
5327,23,81,6,5591.8088,0.0,61.08759999999984
5386,23,82,6,5653.3603,0.0,61.55150000000049
5446,23,83,6,5716.0906,0.0,62.73030000000017
5503,23,84,5,5777.6462,-1.0,61.555599999999686
5569,23,85,5,5839.1539,0.0,61.50770000000011
22,26,0,22,2.8891,0.0,0.0
94,26,1,23,74.8799,1.0,71.99080000000001
153,26,2,23,138.998,0.0,64.11809999999998
212,26,3,23,202.3009,0.0,63.30290000000002
272,26,4,23,264.8893,0.0,62.58839999999998
334,26,5,23,327.2494,0.0,62.36009999999999
395,26,6,23,389.3894,0.0,62.14000000000004
455,26,7,23,452.3212,0.0,62.93179999999995
517,26,8,23,514.5248,0.0,62.20360000000005
577,26,9,23,576.3551,0.0,61.830299999999966
639,26,10,23,637.9652,0.0,61.61009999999999
699,26,11,23,699.9676,0.0,62.002399999999966
767,26,12,22,762.1733,-1.0,62.20570000000009
830,26,13,21,824.3246,-1.0,62.15129999999999
892,26,14,21,885.9163,0.0,61.591699999999946
960,26,15,20,948.3494,-1.0,62.43309999999997
1030,26,16,19,1009.9932,-1.0,61.643800000000056
1095,26,17,19,1071.6161,0.0,61.62289999999996
1177,26,18,16,1133.549,-3.0,61.93290000000002
1250,26,19,16,1196.4327,0.0,62.88370000000009
1325,26,20,17,1260.7153,1.0,64.2826
1392,26,21,16,1322.9733,-1.0,62.25800000000004
1466,26,22,15,1384.7687,-1.0,61.79539999999997
1542,26,23,13,1447.1686,-2.0,62.39989999999989
1610,26,24,13,1510.0043,0.0,62.83570000000009
1670,26,25,12,1571.7608,-1.0,61.75649999999996
1736,26,26,12,1634.2314,0.0,62.47059999999988
1798,26,27,12,1695.9468,0.0,61.715400000000045
1865,26,28,11,1764.6628,-1.0,68.71600000000012
1937,26,29,11,1859.8386,0.0,95.17579999999998
2073,26,30,18,1977.592,7.0,117.75340000000006
2140,26,31,18,2084.0662,0.0,106.47420000000011
2203,26,32,18,2189.6084,0.0,105.54219999999987
2254,26,33,18,2280.2342,0.0,90.6257999999998
2332,26,34,15,2368.0581,-3.0,87.82390000000032
2400,26,35,15,2482.2297,0.0,114.17159999999967
2459,26,36,14,2592.5834,-1.0,110.35370000000012
2530,26,37,14,2697.6574,0.0,105.07400000000007
2595,26,38,14,2804.0315,0.0,106.3741
2651,26,39,14,2896.7018,0.0,92.67029999999977
2704,26,40,10,2965.1024,-4.0,68.4006000000004
2770,26,41,9,3029.1843,-1.0,64.08189999999968
2829,26,42,9,3102.598,0.0,73.41370000000006
2889,26,43,9,3199.0668,0.0,96.4688000000001
2946,26,44,9,3295.5947,0.0,96.52790000000005
3002,26,45,9,3360.6538,0.0,65.05909999999994
3064,26,46,9,3423.5798,0.0,62.92599999999993
3125,26,47,9,3485.973,0.0,62.39319999999998
3186,26,48,9,3547.8076,0.0,61.83460000000014
3246,26,49,9,3609.4288,0.0,61.621200000000044
3309,26,50,9,3671.0758,0.0,61.646999999999935
3370,26,51,9,3732.6476,0.0,61.57179999999971
3436,26,52,8,3794.1291,-1.0,61.481500000000324
3541,26,53,15,3877.8092,7.0,83.68010000000004
3612,26,54,13,3940.5876,-2.0,62.77839999999969
3683,26,55,13,4002.1952,0.0,61.607600000000275
3760,26,56,11,4064.2054,-2.0,62.01019999999971
3828,26,57,11,4125.1987,0.0,60.99330000000009
3897,26,58,11,4186.3185,0.0,61.119800000000396
3964,26,59,11,4248.6105,0.0,62.29199999999946
4023,26,60,11,4311.2783,0.0,62.66780000000017
4085,26,61,11,4372.9031,0.0,61.624800000000505
4149,26,62,11,4434.8589,0.0,61.955799999999726
4212,26,63,11,4497.2577,0.0,62.39879999999994
4274,26,64,10,4559.0761,-1.0,61.81840000000011
4341,26,65,10,4620.7738,0.0,61.69769999999971
4407,26,66,10,4681.9621,0.0,61.1882999999998
4466,26,67,9,4743.6343,-1.0,61.672199999999975
4537,26,68,9,4805.5068,0.0,61.8725000000004
4600,26,69,9,4867.406,0.0,61.89919999999984
4662,26,70,9,4928.7068,0.0,61.30079999999998
4723,26,71,9,4989.9627,0.0,61.25590000000011
4784,26,72,9,5050.9973,0.0,61.034599999999955
4843,26,73,9,5113.1515,0.0,62.154199999999946
4903,26,74,9,5174.5485,0.0,61.396999999999935
4963,26,75,9,5236.0602,0.0,61.51170000000002
5022,26,76,8,5297.7595,-1.0,61.69930000000022
5089,26,77,8,5359.4392,0.0,61.679699999999684
5154,26,78,8,5420.7799,0.0,61.34070000000065
5215,26,79,8,5482.2182,0.0,61.4382999999998
5273,26,80,8,5543.7797,0.0,61.561499999999796
5333,26,81,8,5605.113,0.0,61.333300000000236
5392,26,82,8,5666.9205,0.0,61.80749999999989
5453,26,83,8,5728.722,0.0,61.80149999999958
5512,26,84,7,5790.4731,-1.0,61.751100000000406
5576,26,85,7,5852.5832,0.0,62.110099999999875
4,27,0,5,0.3912,0.0,0.0
54,27,1,6,66.5292,1.0,66.138
124,27,2,6,129.0736,0.0,62.544399999999996
184,27,3,6,191.0076,0.0,61.934
243,27,4,6,252.5814,0.0,61.573800000000006
303,27,5,6,314.2136,0.0,61.63219999999998
366,27,6,6,375.7837,0.0,61.570100000000025
427,27,7,6,436.80699999999996,0.0,61.02329999999995
486,27,8,6,498.14099999999996,0.0,61.334
546,27,9,6,559.5095,0.0,61.36850000000004
608,27,10,6,620.6486,0.0,61.139099999999985
669,27,11,6,681.8622,0.0,61.21360000000004
731,27,12,6,743.2427,0.0,61.380499999999984
801,27,13,6,804.6437,0.0,61.400999999999954
867,27,14,6,866.2319,0.0,61.58820000000003
926,27,15,6,927.7991,0.0,61.56719999999996
999,27,16,6,989.3344,0.0,61.53530000000001
1071,27,17,6,1051.1405,0.0,61.806100000000015
1176,27,18,15,1133.204,9.0,82.06349999999998
1248,27,19,15,1194.8319999999999,0.0,61.62799999999993
1320,27,20,15,1256.0097,0.0,61.177700000000186
1382,27,21,13,1318.3558,-2.0,62.34609999999998
1458,27,22,11,1380.0969,-2.0,61.74109999999996
1525,27,23,9,1442.2196,-2.0,62.122699999999895
1602,27,24,9,1503.5349,0.0,61.31530000000021
1664,27,25,9,1564.7864,0.0,61.25149999999985
1730,27,26,9,1628.023,0.0,63.23659999999995
1790,27,27,8,1690.1166,-1.0,62.09360000000015
1855,27,28,7,1759.4577,-1.0,69.34109999999987
1930,27,29,7,1856.4719,0.0,97.01420000000007
2081,27,30,20,1986.3231,13.0,129.85120000000006
2144,27,31,20,2086.0426,0.0,99.71950000000015
2207,27,32,20,2191.5295,0.0,105.48689999999988
2257,27,33,20,2281.0696,0.0,89.54009999999971
2343,27,34,17,2383.5879,-3.0,102.51830000000018
2405,27,35,17,2485.5121,0.0,101.92419999999993
2462,27,36,15,2605.9508,-2.0,120.43870000000015
2544,27,37,18,2722.0731,3.0,116.1223
2604,27,38,17,2808.1712,-1.0,86.09810000000016
2657,27,39,17,2899.6056,0.0,91.43439999999964
2724,27,40,16,2970.2201,-1.0,70.61450000000013
2782,27,41,15,3036.6015,-1.0,66.38140000000021
2839,27,42,15,3110.7336,0.0,74.13209999999981
2900,27,43,15,3203.4331,0.0,92.69950000000017
2955,27,44,15,3297.7077,0.0,94.27459999999974
3013,27,45,14,3363.8799,-1.0,66.17219999999998
3073,27,46,14,3427.6024,0.0,63.72250000000031
3133,27,47,14,3490.2063,0.0,62.60389999999961
3194,27,48,14,3552.2903,0.0,62.08400000000029
3256,27,49,14,3614.155,0.0,61.864700000000084
3318,27,50,14,3675.9215,0.0,61.76649999999972
3380,27,51,14,3737.1147,0.0,61.19320000000016
3447,27,52,13,3798.5175,-1.0,61.40279999999984
3519,27,53,11,3859.8981,-2.0,61.38059999999996
3616,27,54,14,3941.952,3.0,82.05390000000034
3685,27,55,14,4004.4281,0.0,62.47609999999986
3764,27,56,12,4065.4677,-2.0,61.039600000000064
3830,27,57,12,4126.2921,0.0,60.824399999999514
3899,27,58,12,4187.1728,0.0,60.880700000000616
3965,27,59,12,4248.7334,0.0,61.560599999999795
4025,27,60,12,4311.7403,0.0,63.006900000000314
4086,27,61,12,4373.5757,0.0,61.835399999999936
4150,27,62,12,4435.3640000000005,0.0,61.78830000000016
4213,27,63,12,4497.6142,0.0,62.250199999999495
4275,27,64,11,4559.622,-1.0,62.007800000000316
4342,27,65,11,4621.3913,0.0,61.76929999999993
4409,27,66,11,4682.7735,0.0,61.38220000000001
4469,27,67,10,4744.2936,-1.0,61.52009999999973
4540,27,68,10,4805.9578,0.0,61.664200000000164
4602,27,69,10,4867.8496,0.0,61.89179999999942
4664,27,70,10,4929.657999999999,0.0,61.80839999999989
4725,27,71,10,4990.8534,0.0,61.19540000000052
4786,27,72,10,5051.938,0.0,61.08460000000014
4845,27,73,10,5114.0972,0.0,62.159200000000055
4904,27,74,10,5175.3775,0.0,61.28029999999944
4965,27,75,10,5237.0431,0.0,61.66560000000027
5025,27,76,9,5298.9753,-1.0,61.93220000000019
5091,27,77,9,5360.6173,0.0,61.641999999999825
5156,27,78,9,5422.076,0.0,61.458700000000135
5217,27,79,9,5483.5764,0.0,61.5003999999999
5275,27,80,9,5545.1068,0.0,61.530399999999645
5336,27,81,9,5606.8824,0.0,61.77560000000085
5395,27,82,9,5668.5137,0.0,61.63130000000001
5455,27,83,9,5730.2927,0.0,61.77899999999954
5515,27,84,8,5792.1217,-1.0,61.82899999999972
5578,27,85,8,5854.8357,0.0,62.71399999999994
5,28,0,6,0.3355,0.0,0.0
47,28,1,3,64.9037,-3.0,64.5682
119,28,2,3,127.28,0.0,62.3763
179,28,3,3,188.9654,0.0,61.68539999999999
238,28,4,3,250.3879,0.0,61.422500000000014
298,28,5,3,311.4482,0.0,61.060299999999984
360,28,6,3,372.4826,0.0,61.034400000000005
421,28,7,3,433.5979,0.0,61.11529999999999
481,28,8,3,494.6218,0.0,61.023900000000026
541,28,9,3,555.6672,0.0,61.04539999999997
603,28,10,3,616.7583,0.0,61.09109999999998
663,28,11,3,678.0063,0.0,61.24800000000005
725,28,12,3,739.2724,0.0,61.26609999999994
795,28,13,3,800.4747,0.0,61.20230000000004
861,28,14,3,861.817,0.0,61.34230000000002
920,28,15,3,923.3451,0.0,61.528099999999995
993,28,16,3,984.7501,0.0,61.40499999999997
1065,28,17,3,1046.7423,0.0,61.99219999999991
1129,28,18,3,1108.3923,0.0,61.65000000000009
1225,28,19,3,1170.0896,0.0,61.69730000000004
1291,28,20,3,1232.0505,0.0,61.96090000000004
1363,28,21,3,1293.9151,0.0,61.86459999999988
1447,28,22,6,1376.2204,3.0,82.30529999999999
1519,28,23,7,1439.2384,1.0,63.01800000000003
1598,28,24,7,1500.9752,0.0,61.73680000000013
1660,28,25,7,1562.7575,0.0,61.78229999999985
1724,28,26,6,1625.7223,-1.0,62.96479999999997
1783,28,27,5,1686.8504,-1.0,61.12810000000013
1897,28,28,22,1809.9519,17.0,123.10149999999999
1959,28,29,22,1879.0597,0.0,69.1078
2084,28,30,21,2008.8263,-1.0,129.76659999999993
2146,28,31,21,2086.7768,0.0,77.95050000000015
2208,28,32,21,2192.419,0.0,105.64219999999978
2258,28,33,21,2281.3632,0.0,88.94419999999991
2410,28,34,19,2576.2297,-2.0,294.8665000000001
2483,28,35,19,2646.5892,0.0,70.35950000000003
2547,28,36,19,2746.3426,0.0,99.75340000000006
2609,28,37,19,2813.535,0.0,67.1923999999999
2660,28,38,19,2900.5359,0.0,87.0009
2725,28,39,19,2970.4371,0.0,69.90120000000024
2786,28,40,19,3037.8266,0.0,67.38949999999977
2846,28,41,18,3114.3312,-1.0,76.50460000000021
2907,28,42,18,3207.4775,0.0,93.14629999999988
2961,28,43,18,3299.7095,0.0,92.23199999999997
3022,28,44,18,3366.8276,0.0,67.11810000000014
3079,28,45,18,3430.3861,0.0,63.558500000000095
3140,28,46,18,3492.7228,0.0,62.33669999999984
3200,28,47,18,3554.9895,0.0,62.26670000000013
3262,28,48,18,3617.1011,0.0,62.111599999999726
3324,28,49,18,3678.8515,0.0,61.750400000000354
3384,28,50,18,3740.3609,0.0,61.509399999999914
3450,28,51,18,3801.8997,0.0,61.53879999999981
3523,28,52,18,3863.268,0.0,61.36830000000009
3590,28,53,18,3924.4569,0.0,61.1889000000001
3665,28,54,18,3985.4221,0.0,60.96519999999964
3725,28,55,18,4046.952,0.0,61.52990000000045
3802,28,56,18,4108.0968,0.0,61.14480000000003
3866,28,57,18,4168.9221,0.0,60.825299999999515
3912,28,58,18,4230.3066,0.0,61.384500000000116
3979,28,59,18,4292.1351,0.0,61.82850000000053
4041,28,60,18,4353.2285,0.0,61.09339999999975
4103,28,61,18,4414.127,0.0,60.89850000000024
4167,28,62,18,4475.0729,0.0,60.94589999999971
4231,28,63,18,4536.071,0.0,60.998099999999795
4298,28,64,18,4597.311,0.0,61.23999999999978
4362,28,65,18,4659.6049,0.0,62.293900000000576
4426,28,66,18,4720.8765,0.0,61.271600000000035
4496,28,67,17,4782.2738,-1.0,61.39729999999963
4559,28,68,17,4843.7236,0.0,61.44980000000032
4621,28,69,17,4905.111,0.0,61.387399999999616
4682,28,70,17,4966.4975,0.0,61.386500000000524
4782,28,71,17,5049.8555,0.0,83.35799999999927
4847,28,72,17,5115.2921,0.0,65.4366
4906,28,73,17,5177.6431,0.0,62.35100000000057
4967,28,74,17,5238.8679999999995,0.0,61.22489999999925
5028,28,75,17,5300.672,0.0,61.80400000000009
5093,28,76,16,5361.8755,-1.0,61.20350000000053
5158,28,77,16,5422.8257,0.0,60.95020000000022
5219,28,78,16,5484.0453,0.0,61.219599999999446
5278,28,79,16,5545.7082,0.0,61.66290000000026
5337,28,80,16,5607.2271,0.0,61.51890000000003
5397,28,81,16,5668.9004,0.0,61.67330000000038
5456,28,82,16,5730.7073,0.0,61.80689999999959
5518,28,83,16,5792.4799,0.0,61.77260000000024
5579,28,84,16,5855.1423,0.0,62.66240000000016
6,30,0,7,0.5398,0.0,0.0
53,30,1,5,66.4469,-2.0,65.9071
122,30,2,5,128.5462,0.0,62.0993
182,30,3,5,190.5274,0.0,61.9812
242,30,4,5,252.174,0.0,61.64660000000001
302,30,5,5,313.7333,0.0,61.55929999999998
364,30,6,5,374.9516,0.0,61.2183
425,30,7,5,436.06800000000004,0.0,61.116400000000056
484,30,8,5,497.4862,0.0,61.418199999999956
544,30,9,5,558.6476,0.0,61.161400000000015
607,30,10,5,619.6725,0.0,61.0249
667,30,11,5,680.7961,0.0,61.12360000000001
729,30,12,5,742.0459,0.0,61.24979999999994
799,30,13,5,803.3681,0.0,61.322200000000066
865,30,14,5,864.7621,0.0,61.394000000000005
924,30,15,5,926.0023,0.0,61.24019999999996
997,30,16,5,987.5215,0.0,61.519199999999955
1069,30,17,5,1049.0364,0.0,61.51490000000001
1133,30,18,5,1110.5537,0.0,61.51729999999998
1229,30,19,5,1172.4246,0.0,61.87090000000012
1317,30,20,13,1255.1699,8.0,82.74530000000004
1381,30,21,12,1317.8412,-1.0,62.671299999999974
1454,30,22,10,1379.6741,-2.0,61.83289999999988
1521,30,23,8,1441.7195,-2.0,62.04539999999997
1600,30,24,8,1502.7282,0.0,61.00870000000009
1662,30,25,8,1563.9362,0.0,61.208000000000084
1725,30,26,7,1626.3831,-1.0,62.446899999999914
1786,30,27,6,1688.3020000000001,-1.0,61.91890000000012
1849,30,28,5,1752.2238,-1.0,63.92179999999985
1926,30,29,5,1854.4725,0.0,102.2487000000001
1979,30,30,3,1958.7742,-2.0,104.30169999999998
2112,30,31,3,2069.098,0.0,110.32379999999989
2174,30,32,3,2172.5276,0.0,103.42959999999994
2232,30,33,6,2275.7812,3.0,103.2536
2293,30,34,4,2357.4954,-2.0,81.71419999999989
2377,30,35,4,2469.8636,0.0,112.36820000000034
2440,30,36,4,2584.5896,0.0,114.72599999999966
2512,30,37,4,2689.8093,0.0,105.2197000000001
2577,30,38,4,2793.5676,0.0,103.75829999999996
2637,30,39,4,2892.4679,0.0,98.90030000000024
2693,30,40,4,2958.9037,0.0,66.43579999999974
2760,30,41,4,3023.6696,0.0,64.76590000000033
2822,30,42,5,3096.3912,1.0,72.72159999999985
2882,30,43,5,3194.9675,0.0,98.57630000000017
2941,30,44,5,3293.8344,0.0,98.86689999999999
2996,30,45,5,3357.8595,0.0,64.02509999999984
3058,30,46,5,3420.2304,0.0,62.37089999999989
3117,30,47,5,3482.3746,0.0,62.14420000000018
3178,30,48,5,3543.6754,0.0,61.30079999999998
3238,30,49,5,3604.9615,0.0,61.286099999999806
3301,30,50,5,3666.2314,0.0,61.269900000000234
3362,30,51,5,3727.2051,0.0,60.97370000000001
3462,30,52,15,3810.1975,10.0,82.99240000000009
3535,30,53,13,3872.6967,-2.0,62.499199999999746
3604,30,54,11,3934.2164,-2.0,61.51969999999983
3679,30,55,11,3995.9692,0.0,61.75280000000021
3751,30,56,9,4058.3365,-2.0,62.36729999999989
3821,30,57,8,4119.7204,-1.0,61.38390000000027
3887,30,58,7,4181.6057,-1.0,61.885299999999916
3948,30,59,5,4244.8216,-2.0,63.21590000000015
4012,30,60,5,4306.3708,0.0,61.54919999999947
4074,30,61,5,4367.6408,0.0,61.27000000000044
4136,30,62,5,4428.7352,0.0,61.09439999999995
4200,30,63,5,4489.468,0.0,60.73279999999977
4264,30,64,5,4550.129,0.0,60.66100000000006
4331,30,65,5,4610.8308,0.0,60.70179999999982
4401,30,66,7,4677.0029,2.0,66.17210000000068
19,32,0,19,1.6864,0.0,0.0
87,32,1,19,72.9397,0.0,71.2533
147,32,2,19,136.9555,0.0,64.0158
205,32,3,19,200.0262,0.0,63.07069999999999
265,32,4,19,262.33,0.0,62.303799999999995
330,32,5,20,325.7056,1.0,63.37560000000002
391,32,6,20,387.6258,0.0,61.92020000000002
450,32,7,20,450.0052,0.0,62.379399999999976
511,32,8,20,511.7682,0.0,61.76299999999998
572,32,9,20,573.7204,0.0,61.95220000000006
634,32,10,20,635.2403,0.0,61.51990000000001
694,32,11,20,697.0233,0.0,61.7829999999999
758,32,12,19,759.048,-1.0,62.02470000000005
825,32,13,19,820.9906,0.0,61.94259999999997
888,32,14,19,883.0177,0.0,62.02710000000002
954,32,15,18,944.9825,-1.0,61.96479999999997
1024,32,16,17,1007.3921,-1.0,62.40960000000007
1091,32,17,17,1069.3663,0.0,61.97419999999988
1171,32,18,14,1131.4227,-3.0,62.05640000000017
1246,32,19,14,1193.383,0.0,61.96029999999996
1318,32,20,14,1255.6215,0.0,62.23849999999993
1386,32,21,14,1319.8318,0.0,64.21029999999996
1462,32,22,13,1382.0751,-1.0,62.24330000000009
1538,32,23,12,1445.7034,-1.0,63.62830000000008
1608,32,24,12,1507.9296,0.0,62.226199999999835
1690,32,25,20,1594.1153,8.0,86.1857
1750,32,26,20,1658.5113,0.0,64.39599999999996
1817,32,27,22,1724.8737,2.0,66.3624000000002
1893,32,28,21,1796.2483,-1.0,71.37459999999987
1956,32,29,21,1870.0813,0.0,73.83300000000008
2047,32,30,13,1967.0379,-8.0,96.95659999999998
2130,32,31,13,2079.905,0.0,112.86710000000016
2194,32,32,13,2185.8705,0.0,105.96549999999979
2248,32,33,13,2278.5435,0.0,92.67300000000023
2317,32,34,11,2365.2264,-2.0,86.68289999999979
2391,32,35,11,2478.1152,0.0,112.88880000000017
2453,32,36,11,2590.7081,0.0,112.59289999999964
2525,32,37,11,2695.4726,0.0,104.76450000000023
2590,32,38,11,2801.6534,0.0,106.18080000000009
2648,32,39,11,2895.9721,0.0,94.31869999999981
2729,32,40,17,2971.7943,6.0,75.82220000000007
2851,32,41,19,3122.23,2.0,150.4357
2910,32,42,19,3222.5131,0.0,100.2831000000001
2965,32,43,19,3301.1313,0.0,78.61819999999989
3027,32,44,19,3368.3422,0.0,67.21090000000004
3085,32,45,19,3433.0246,0.0,64.68240000000014
3147,32,46,19,3496.2244,0.0,63.19979999999987
3206,32,47,19,3559.0539,0.0,62.829499999999825
3269,32,48,19,3621.2305,0.0,62.176600000000235
3331,32,49,19,3683.4819,0.0,62.2514000000001
3392,32,50,19,3745.9738,0.0,62.49189999999999
3460,32,51,19,3808.3498,0.0,62.37599999999975
3533,32,52,19,3870.5877,0.0,62.23790000000008
3602,32,53,19,3932.6661,0.0,62.078399999999874
3677,32,54,19,3995.4853,0.0,62.81919999999991
3750,32,55,19,4057.8967,0.0,62.41139999999996
3824,32,56,19,4121.0002,0.0,63.10350000000062
3895,32,57,19,4184.3077,0.0,63.30749999999989
3977,32,58,19,4270.8901,0.0,86.58239999999932
4039,32,59,19,4336.6984,0.0,65.8083000000006
4101,32,60,19,4399.8827,0.0,63.184299999999894
4165,32,61,19,4461.9615,0.0,62.07880000000023
4229,32,62,19,4524.5328,0.0,62.57129999999961
4296,32,63,19,4586.8351,0.0,62.30230000000029
4360,32,64,19,4649.0585,0.0,62.223399999999856
4424,32,65,19,4710.8406,0.0,61.782100000000355
4494,32,66,19,4772.5838,0.0,61.74319999999989
4556,32,67,18,4834.0727,-1.0,61.488899999999376
4619,32,68,18,4895.7609,0.0,61.688200000000506
4680,32,69,18,4957.6872,0.0,61.92630000000008
4741,32,70,18,5019.3474,0.0,61.66019999999935
4802,32,71,18,5080.9758,0.0,61.62840000000051
4862,32,72,18,5142.9762,0.0,62.0003999999999
4922,32,73,18,5204.6412,0.0,61.664999999999964
4983,32,74,18,5266.5068,0.0,61.865600000000086
5050,32,75,18,5328.6417,0.0,62.134900000000016
5111,32,76,17,5390.4386,-1.0,61.79690000000028
5174,32,77,17,5453.2777,0.0,62.839099999999235
5237,32,78,17,5516.1849,0.0,62.90720000000056
5316,32,79,17,5579.2592,0.0,63.07430000000022
5381,32,80,17,5646.8642,0.0,67.60499999999956
5440,32,81,17,5710.6519,0.0,63.78769999999986
5500,32,82,17,5773.3986,0.0,62.7467000000006
5565,32,83,17,5836.3573,0.0,62.958699999999226
17,59,0,18,1.5795,0.0,0.0
91,59,1,21,73.5683,3.0,71.9888
150,59,2,21,138.1296,0.0,64.56130000000002
211,59,3,22,201.7535,1.0,63.62389999999999
270,59,4,22,264.3296,0.0,62.576100000000025
333,59,5,22,326.8394,0.0,62.509799999999984
394,59,6,22,388.7565,0.0,61.917100000000005
454,59,7,22,451.8602,0.0,63.1037
515,59,8,22,513.9652,0.0,62.10499999999996
576,59,9,22,575.6212,0.0,61.65600000000006
637,59,10,22,637.489,0.0,61.86779999999999
697,59,11,22,699.4176,0.0,61.92859999999996
764,59,12,21,761.4575,-1.0,62.03989999999999
827,59,13,20,823.3869,-1.0,61.92939999999999
890,59,14,20,884.7778,0.0,61.39089999999999
957,59,15,19,946.785,-1.0,62.00720000000001
1027,59,16,18,1008.5487,-1.0,61.763700000000085
1093,59,17,18,1070.2248,0.0,61.676099999999906
1197,59,18,22,1156.7037,4.0,86.47890000000007
1263,59,19,22,1220.2593,0.0,63.55559999999991
1335,59,20,22,1282.1237,0.0,61.86440000000016
1406,59,21,22,1343.7579999999998,0.0,61.63429999999971
1481,59,22,21,1409.1852,-1.0,65.42720000000008
1562,59,23,21,1471.8759,0.0,62.690700000000106
1625,59,24,21,1534.3129,0.0,62.4369999999999
1692,59,25,21,1596.4708,0.0,62.157900000000154
1752,59,26,21,1658.8918,0.0,62.42100000000005
1813,59,27,20,1722.6516,-1.0,63.759799999999814
1887,59,28,19,1794.1972,-1.0,71.54560000000015
1952,59,29,19,1868.4576,0.0,74.26039999999989
2057,59,30,14,1968.8468,-5.0,100.38920000000007
2132,59,31,14,2080.9471,0.0,112.10029999999983
2196,59,32,14,2186.6707,0.0,105.72360000000026
2249,59,33,14,2279.0444,0.0,92.3737000000001
2664,59,34,22,2937.1655,8.0,658.1210999999998
10,88,0,11,0.8866,0.0,0.0
76,88,1,14,71.2232,3.0,70.3366
139,88,2,14,134.9535,0.0,63.730299999999986
197,88,3,14,197.4351,0.0,62.481600000000014
257,88,4,14,259.4832,0.0,62.048100000000005
325,88,5,18,324.392,4.0,64.90879999999999
387,88,6,18,385.8859,0.0,61.4939
447,88,7,18,447.6905,0.0,61.80459999999999
507,88,8,18,509.4689,0.0,61.77840000000003
568,88,9,18,571.2172,0.0,61.74830000000003
630,88,10,18,632.9319,0.0,61.71469999999999
691,88,11,18,694.7062,0.0,61.774299999999926
752,88,12,17,756.64,-1.0,61.93380000000002
822,88,13,17,818.6726,0.0,62.0326
885,88,14,17,880.7796,0.0,62.10699999999997
948,88,15,16,942.7065,-1.0,61.926900000000046
1018,88,16,15,1004.7751,-1.0,62.06859999999995
1088,88,17,15,1066.9649,0.0,62.18979999999999
1161,88,18,12,1129.1589999999999,-3.0,62.194099999999935
1242,88,19,12,1191.309,0.0,62.15000000000009
1311,88,20,11,1253.4405,-1.0,62.13149999999996
1377,88,21,10,1316.3099,-1.0,62.86940000000004
1452,88,22,8,1378.4547,-2.0,62.14480000000003
1555,88,23,17,1463.7169,9.0,85.2621999999999
1620,88,24,18,1527.0587,1.0,63.34180000000015
1683,88,25,17,1588.8355,-1.0,61.77679999999987
1745,88,26,17,1650.5416,0.0,61.706100000000106
1807,88,27,17,1712.2820000000002,0.0,61.740400000000136
1878,88,28,16,1778.3861,-1.0,66.10409999999979
1946,88,29,16,1865.2843,0.0,86.89820000000009
2030,88,30,10,1964.6528,-6.0,99.36850000000004
2124,88,31,10,2076.5878,0.0,111.93499999999972
2188,88,32,10,2183.4611,0.0,106.8733000000002
2243,88,33,10,2276.8146,0.0,93.35350000000017
2309,88,34,9,2363.2268,-1.0,86.41219999999976
2387,88,35,9,2476.1969,0.0,112.9701
2449,88,36,9,2588.7327,0.0,112.53580000000011
2521,88,37,9,2693.6939,0.0,104.96120000000019
2586,88,38,9,2799.4298,0.0,105.73589999999967
2645,88,39,9,2894.7723,0.0,95.3425000000002
2702,88,40,9,2963.4679,0.0,68.69560000000001
2771,88,41,10,3029.245,1.0,65.77709999999979
2830,88,42,10,3103.5737,0.0,74.32870000000003
2891,88,43,10,3199.9451,0.0,96.3714
2948,88,44,10,3296.1743,0.0,96.22920000000022
3004,88,45,10,3361.6064,0.0,65.43209999999999
3066,88,46,10,3424.5047,0.0,62.898299999999836
3126,88,47,10,3486.6892,0.0,62.184499999999844
3187,88,48,10,3548.5651,0.0,61.8759
3251,88,49,11,3611.6004,1.0,63.03530000000001
3312,88,50,11,3672.9845,0.0,61.38410000000022
3374,88,51,11,3734.2205,0.0,61.235999999999876
3440,88,52,10,3795.6497,-1.0,61.42920000000004
3507,88,53,8,3857.283,-2.0,61.63329999999996
3584,88,54,7,3918.7422,-1.0,61.45920000000024
3659,88,55,6,3980.2956,-1.0,61.55339999999978
3765,88,56,13,4065.4762,7.0,85.18060000000014
3836,88,57,14,4129.1956,1.0,63.71939999999995
3903,88,58,14,4190.7339,0.0,61.53830000000016
3968,88,59,14,4252.2717,0.0,61.53780000000006
4030,88,60,14,4314.8696,0.0,62.597899999999754
4092,88,61,14,4377.1734,0.0,62.30379999999968
4154,88,62,14,4439.0973,0.0,61.923900000000685
4220,88,63,15,4502.1075,1.0,63.01019999999971
4284,88,64,14,4563.9634,-1.0,61.855899999999565
4351,88,65,15,4627.7301,1.0,63.76670000000013
4417,88,66,15,4690.01,0.0,62.27990000000045
4481,88,67,14,4751.8766,-1.0,61.86659999999938
4547,88,68,14,4813.5093,0.0,61.63270000000011
4609,88,69,14,4875.1783,0.0,61.66899999999987
4672,88,70,14,4936.8021,0.0,61.6238000000003
4733,88,71,14,4998.6477,0.0,61.84560000000056
4794,88,72,14,5060.3829,0.0,61.73519999999917
4854,88,73,14,5122.0291,0.0,61.646200000000135
4914,88,74,14,5183.7358,0.0,61.70670000000064
4975,88,75,14,5245.2546,0.0,61.51879999999983
5039,88,76,13,5307.3612,-1.0,62.10660000000007
5102,88,77,13,5369.0769,0.0,61.71569999999974
5166,88,78,13,5431.0131,0.0,61.9362000000001
5227,88,79,13,5493.23,0.0,62.21689999999944
5286,88,80,13,5555.7544,0.0,62.52440000000024
5346,88,81,13,5617.9031,0.0,62.148700000000645
5405,88,82,13,5679.8655,0.0,61.962399999999434
5465,88,83,13,5742.0024,0.0,62.13690000000042
5529,88,84,13,5804.4418,0.0,62.439399999999296
5589,88,85,13,5866.8885,0.0,62.44670000000042
12,98,0,14,0.9363,0.0,0.0
60,98,1,9,67.9977,-5.0,67.06139999999999
129,98,2,9,130.9965,0.0,62.9988
189,98,3,9,193.2614,0.0,62.26490000000001
249,98,4,9,255.1612,0.0,61.8998
308,98,5,9,316.7077,0.0,61.54649999999998
371,98,6,9,378.3879,0.0,61.68020000000001
432,98,7,9,440.00300000000004,0.0,61.61510000000004
491,98,8,9,501.6755,0.0,61.67249999999996
552,98,9,9,563.1872,0.0,61.51169999999996
614,98,10,9,624.8633,0.0,61.67610000000002
674,98,11,9,686.4436,0.0,61.580299999999966
737,98,12,9,748.1861,0.0,61.742500000000064
806,98,13,9,809.7683,0.0,61.58219999999994
872,98,14,9,871.7927,0.0,62.024400000000014
932,98,15,9,933.3979,0.0,61.60520000000008
1003,98,16,8,994.6166,-1.0,61.2186999999999
1075,98,17,8,1056.232,0.0,61.61540000000002
1187,98,18,18,1138.9397,10.0,82.70769999999993
1257,98,19,19,1202.135,1.0,63.19530000000009
1329,98,20,19,1263.9753,0.0,61.84030000000007
1396,98,21,18,1325.6413,-1.0,61.66599999999994
1470,98,22,17,1387.2153,-1.0,61.57400000000007
1547,98,23,15,1448.866,-2.0,61.650699999999915
1613,98,24,15,1511.0746,0.0,62.20859999999993
1674,98,25,14,1573.0825,-1.0,62.00790000000006
1739,98,26,14,1635.2277,0.0,62.14519999999993
1801,98,27,14,1697.1234,0.0,61.89570000000003
1869,98,28,13,1768.2311,-1.0,71.10770000000002
1941,98,29,13,1863.1543,0.0,94.92319999999995
2013,98,30,7,1962.8662,-6.0,99.71190000000001
2119,98,31,7,2074.0022,0.0,111.13599999999997
2182,98,32,7,2180.2921,0.0,106.28990000000022
2233,98,33,7,2275.8592,0.0,95.56709999999975
2298,98,34,6,2359.427,-1.0,83.56780000000026
2379,98,35,5,2470.8835,-1.0,111.45649999999978
2442,98,36,5,2585.9261,0.0,115.04260000000022
2513,98,37,5,2690.3782,0.0,104.45209999999997
2579,98,38,5,2794.1334,0.0,103.75520000000006
2638,98,39,5,2892.5476,0.0,98.41419999999971
2694,98,40,5,2959.237,0.0,66.6894000000002
2762,98,41,5,3023.9472,0.0,64.71019999999999
2819,98,42,4,3094.722,-1.0,70.77480000000014
2880,98,43,4,3194.2707,0.0,99.54869999999983
2939,98,44,4,3293.2337,0.0,98.96300000000019
2994,98,45,4,3357.1485,0.0,63.91479999999956
3056,98,46,4,3419.535,0.0,62.38650000000007
3115,98,47,4,3481.4182,0.0,61.883200000000215
3177,98,48,4,3542.9672,0.0,61.54899999999998
3236,98,49,4,3604.2392,0.0,61.271999999999935
3299,98,50,4,3665.38,0.0,61.14080000000013
3361,98,51,4,3726.7101,0.0,61.330099999999675
3425,98,52,4,3788.3755,0.0,61.66540000000032
3496,98,53,4,3849.3682,0.0,60.992699999999786
3574,98,54,3,3910.4572,-1.0,61.08899999999994
3647,98,55,2,3971.6664,-1.0,61.20920000000024
3744,98,56,7,4054.3557,5.0,82.6893
3815,98,57,6,4118.2182,-1.0,63.86250000000018
3882,98,58,5,4180.3408,-1.0,62.12259999999969
3945,98,59,4,4241.4553,-1.0,61.11449999999968
4010,98,60,4,4302.5793,0.0,61.124000000000706
4072,98,61,4,4363.7727,0.0,61.19340000000011
4134,98,62,4,4424.6489,0.0,60.8761999999997
4198,98,63,4,4485.4449,0.0,60.79600000000028
4262,98,64,4,4546.2422,0.0,60.79729999999927
4329,98,65,4,4607.2315,0.0,60.989300000000185
4393,98,66,4,4668.0738,0.0,60.84230000000025
4454,98,67,4,4729.1932,0.0,61.11939999999959
4526,98,68,4,4790.3526,0.0,61.15940000000046
4587,98,69,4,4851.849,0.0,61.496399999999994
4650,98,70,4,4913.3388,0.0,61.48980000000029
4711,98,71,4,4974.3082,0.0,60.96939999999995
4770,98,72,4,5035.4548,0.0,61.146600000000035
4831,98,73,4,5096.5544,0.0,61.099599999999555
4891,98,74,4,5157.6337,0.0,61.07930000000033
4951,98,75,4,5218.7567,0.0,61.12299999999959
5012,98,76,4,5280.3871,0.0,61.63040000000001
5079,98,77,4,5341.7616,0.0,61.3744999999999
5144,98,78,4,5403.1904,0.0,61.42880000000059
5204,98,79,4,5464.6807,0.0,61.49029999999948
5263,98,80,4,5526.3007,0.0,61.61999999999989
5323,98,81,4,5588.1186,0.0,61.81790000000001
5383,98,82,4,5650.4444,0.0,62.32580000000053
5442,98,83,4,5713.2651,0.0,62.820699999999306
5523,98,84,10,5794.7865,6.0,81.52140000000054
5584,98,85,10,5859.2189,0.0,64.43239999999969
